"simuround","noise","celltype","gene","annotation"
1,0.25,"Adipocyte","EBF1,G0S2,PLIN1,PLIN2,LPIN1,FOXO1,PPARG,ACSL1,ADIPOQ,GHR,MIR138-2,LOC112590819","Adipocytes"
1,0.25,"B cell_memory","CR2,CD24,FAS,CXCR3,CD1c,LOC105370410","B cells"
1,0.25,"Fibroblast","FN1,S100A4,FGF7,COL6A1,COL1A1,COL3A1,COL5A1,NEGR1,CCN2,FN1,DCN,SLIT2,COL6A6,HGF,COL18A1,IL6,IL33,IGFBP3,IGFBP5,COL1A2,DDR2,COL5A2,COL6A2,COL6A3,FBLN1,COL4A1,FBN1,VIM,DBR1,RPL7AP38,MTATP6P2,SELENOK,CARM1,F8A3,MRPS33P4","Fibroblasts"
1,0.25,"Luminal Epithelial","HES2,TFCP2L1,KLF5,SOX10,ELF5,SOX9,AFF3,KRT8,EPCAM,KIT,KRT18,ESR1,PGR,KRT7,PRLR,KRT19,MUC1,DDX49,LOC105371196,MTND1P30,LOC105373682","Breast Epithelial cells"
1,0.25,"Lymphatic Endothelial","LYVE1,MMRN1,FLT4,RELN,CCL21,PROX1,LYVE1,TAGLN2","Lymphatic endothelial cells"
1,0.25,"Macrophage","MS4A4A,RBPJ,MS4A6A,MRC1,C1QA,MR1,LYVE1,CSF1R,PTPRC,SLC11A1,LYZ,CD74,CD36,MERTK,MSR1,CPM,MS4A6A,CD163,CD68,ZNF836,ZNF677,LOC112267903,LOC121740722","Macrophages"
1,0.25,"Mast Cell","TPSAB1,FCER1A,TPSB2,KIT,CD69,HDC,COILP1","Mast cells"
1,0.25,"Myoepithelial (Basal)","ACTA2,KRT14,KRT17,KRT5,MME,TP63,CALD1,MYH11,VTRNA1-2,TRIM13","Myoepithelial cells"
1,0.25,"Pericyte","ACTA2,MYO1B,ACTA2,ANPEP,DES,MCAM,PDGFRB,CSPG4,SIRT5,NT5E","Smooth Muscle cells"
1,0.25,"Smooth Muscle","CALD1,ACTA2,TAGLN,MYH11,MYOCD,SMTN,VCL,CNN1,ACTG2,MYL9,PALLD,GUCY1A3,GUCY1B3,ACTN1,DES,COX6CP14,GOLGA6L10,TRMT11","Smooth Muscle cells"
1,0.25,"T cell","CD96,PTPRC,CD247,SKAP1,THEMIS,CD69,IL7R,NKG7,TRAC,CD3D,CD3E,CD3G,TRBC1,TRL-CAG1-1,LOC101901829,SAP30-DT","T cells"
1,0.25,"Vascular Endothelial","LDB2,EGFL7,PECAM1,CDH5,VWF,PECAM1,RAMP3,CD300LG,BACE2,EPHB4,NOSTRIN,LDB2,PTPRB,CLDN5,RFPL4AL1,ARHGEF3,ISY1","Endothelial cells"
1,0.5,"Adipocyte","EBF1,G0S2,PLIN1,PLIN2,LPIN1,FOXO1,PPARG,ACSL1,ADIPOQ,GHR,XCL1,DNAJA1P5,LOC100130044,LOC110120608,KNOP1P5","Adipocytes"
1,0.5,"B cell_memory","CR2,CD24,FAS,CXCR3,CD1c,LIPT1,LOC112268123","B cells"
1,0.5,"Fibroblast","FN1,S100A4,FGF7,COL6A1,COL1A1,COL3A1,COL5A1,NEGR1,CCN2,FN1,DCN,SLIT2,COL6A6,HGF,COL18A1,IL6,IL33,IGFBP3,IGFBP5,COL1A2,DDR2,COL5A2,COL6A2,COL6A3,FBLN1,COL4A1,FBN1,VIM,RNU11-6P,FAM86FP,TERF1P1,LOC107986297,LOC112268147,HIGD1AP15,CYP2W1,CCDC148-AS1,LOC115945147,LOC107986289,C6orf47-AS1,TTC39C,MTHFD2,SUPT3H","Fibroblasts"
1,0.5,"Luminal Epithelial","HES2,TFCP2L1,KLF5,SOX10,ELF5,SOX9,AFF3,KRT8,EPCAM,KIT,KRT18,ESR1,PGR,KRT7,PRLR,KRT19,MUC1,LOC121331342,LINC02052,LOC121627825,LOC107987411,YWHAQ,MIR6832,LOC105373369,KHNYN","Luminal Epithelial Cells"
1,0.5,"Lymphatic Endothelial","LYVE1,MMRN1,FLT4,RELN,CCL21,PROX1,LYVE1,ANKRA2,DEPP1,LOC121009656","Lymphatic Endothelial Cells"
1,0.5,"Macrophage","MS4A4A,RBPJ,MS4A6A,MRC1,C1QA,MR1,LYVE1,CSF1R,PTPRC,SLC11A1,LYZ,CD74,CD36,MERTK,MSR1,CPM,MS4A6A,CD163,CD68,LOC116276446,PPIAP32,KCNAB3,LOC116309146,RN7SL425P,TRAV9-2,ERVK-31,NTMT1,UBR7","M2 Macrophages"
1,0.5,"Mast Cell","TPSAB1,FCER1A,TPSB2,KIT,CD69,HDC,MIR210,EBNA1BP2,ZNF133-AS1","Mast Cells"
1,0.5,"Myoepithelial (Basal)","ACTA2,KRT14,KRT17,KRT5,MME,TP63,CALD1,MYH11,USP7,UBE2V1P9,LOC123620092,PNMA8A","Myoepithelial Cells"
1,0.5,"Pericyte","ACTA2,MYO1B,ACTA2,ANPEP,DES,MCAM,PDGFRB,CSPG4,LOC105376318,BCDIN3D-AS1,OR2AT2P,LOC101929759","Pericytes"
1,0.5,"Smooth Muscle","CALD1,ACTA2,TAGLN,MYH11,MYOCD,SMTN,VCL,CNN1,ACTG2,MYL9,PALLD,GUCY1A3,GUCY1B3,ACTN1,DES,TAS2R33,LOC121627838,ZNF836,LINC01567,NRBP1,PIN1,SNORD92","Smooth Muscle Cells"
1,0.5,"T cell","CD96,PTPRC,CD247,SKAP1,THEMIS,CD69,IL7R,NKG7,TRAC,CD3D,CD3E,CD3G,TRBC1,SSTR5-AS1,ST14,CDCA4P4,FMN1,RALYL,LINC02312","T Cells"
1,0.5,"Vascular Endothelial","LDB2,EGFL7,PECAM1,CDH5,VWF,PECAM1,RAMP3,CD300LG,BACE2,EPHB4,NOSTRIN,LDB2,PTPRB,CLDN5,MIR4472-1,MIR640,RPS29P26,LOC122861294,MYCBPAP,LOC121838582,RHOQ","Endothelial Cells"
1,0.75,"Adipocyte","EBF1,G0S2,PLIN1,PLIN2,LPIN1,FOXO1,PPARG,ACSL1,ADIPOQ,GHR,RPL13P12,TAS2R19,BRI3,ATAD2B,LOC112268318,LOC105376686,LOC120893119","Adipocytes"
1,0.75,"B cell_memory","CR2,CD24,FAS,CXCR3,CD1c,RPS15P3,LOC107984824,PABPC1L2B","B Cells"
1,0.75,"Fibroblast","FN1,S100A4,FGF7,COL6A1,COL1A1,COL3A1,COL5A1,NEGR1,CCN2,FN1,DCN,SLIT2,COL6A6,HGF,COL18A1,IL6,IL33,IGFBP3,IGFBP5,COL1A2,DDR2,COL5A2,COL6A2,COL6A3,FBLN1,COL4A1,FBN1,VIM,LOC116268460,TNFRSF10A-AS1,RGS2,PPFIA1P1,RPL23AP94,PTPRK,CLEC2D,LOC123493289,PMS2P5,SLC2A3P1,LOC119369029,TRDJ1,LRMDA,SNORD116-4,LOC105373602,LOC121201615,SDHDP1,LOC124310567,ZNF277,TBC1D22A-DT,TRBJ1-5","Fibroblasts"
1,0.75,"Luminal Epithelial","HES2,TFCP2L1,KLF5,SOX10,ELF5,SOX9,AFF3,KRT8,EPCAM,KIT,KRT18,ESR1,PGR,KRT7,PRLR,KRT19,MUC1,LOC100419553,LOC105373223,LINC02304,LOC122056888,LOC107987016,KCNJ18,LOC105377176,FAM20A,USP9YP6,LOC105375251,TCFL5,RN7SKP112","Mammary Epithelial Cells"
1,0.75,"Lymphatic Endothelial","LYVE1,MMRN1,FLT4,RELN,CCL21,PROX1,LYVE1,LOC123864083,IGHE,MRPS36P4,PENK-AS1,SECISBP2L","Lymphatic Endothelial Cells"
1,0.75,"Macrophage","MS4A4A,RBPJ,MS4A6A,MRC1,C1QA,MR1,LYVE1,CSF1R,PTPRC,SLC11A1,LYZ,CD74,CD36,MERTK,MSR1,CPM,MS4A6A,CD163,CD68,LOC105377623,TRIOBP,LOC105377503,LOC105374016,LOC102724937,SNORD93,GPR36,LSP1P4,ING5,CMTS,LOC100286922,LOC116158507,LOC122756375,LOC642414","Macrophages"
1,0.75,"Mast Cell","TPSAB1,FCER1A,TPSB2,KIT,CD69,HDC,TBPL2,MIR4297,NFATC3,PRDM12","Mast Cells"
1,0.75,"Myoepithelial (Basal)","ACTA2,KRT14,KRT17,KRT5,MME,TP63,CALD1,MYH11,PPM1E,LOC101929326,LOC102723561,MFSD13B,LINC00537,CPXM1","Basal Cells"
1,0.75,"Pericyte","ACTA2,MYO1B,ACTA2,ANPEP,DES,MCAM,PDGFRB,CSPG4,LOC107986488,LOC110120789,RNU1-36P,UBE2D3P3,LOC105371501,ZEB2P1","Pericytes"
1,0.75,"Smooth Muscle","CALD1,ACTA2,TAGLN,MYH11,MYOCD,SMTN,VCL,CNN1,ACTG2,MYL9,PALLD,GUCY1A3,GUCY1B3,ACTN1,DES,LYPD2,MIR1304,LOC113788279,FL1,BWQTL4,IGKV3D-11,RNU2-1,MARK2P11,AUTS12,CYP2C60P,DFNB27","Smooth Muscle Cells"
1,0.75,"T cell","CD96,PTPRC,CD247,SKAP1,THEMIS,CD69,IL7R,NKG7,TRAC,CD3D,CD3E,CD3G,TRBC1,LINC02966,MDK,CRPPA-AS1,MAN2A1,SPTSSA,IFNA16,SLC25A38P1,LOC105371970,LOC112469009","T Cells"
1,0.75,"Vascular Endothelial","LDB2,EGFL7,PECAM1,CDH5,VWF,PECAM1,RAMP3,CD300LG,BACE2,EPHB4,NOSTRIN,LDB2,PTPRB,CLDN5,BOD1P2,DISC2,TRAV15,LOC105375202,LOC123956164,LINC02510,SRXY10,TRX-CAT1-1,RBMY1F,NEXN-AS1","Endothelial Cells"
1,1,"Adipocyte","EBF1,G0S2,PLIN1,PLIN2,LPIN1,FOXO1,PPARG,ACSL1,ADIPOQ,GHR,LOC101929863,GNRH1,LOC105372096,GAGE2C,GLC1I,LOC121740679,LINC02102,LOC100507443,LOC105377181,LOC110121172","Adipocytes"
1,1,"B cell_memory","CR2,CD24,FAS,CXCR3,CD1c,UQCC3,LOC102724960,LOC122965311,HNRNPA3P3,MIR892C","B cells"
1,1,"Fibroblast","FN1,S100A4,FGF7,COL6A1,COL1A1,COL3A1,COL5A1,NEGR1,CCN2,FN1,DCN,SLIT2,COL6A6,HGF,COL18A1,IL6,IL33,IGFBP3,IGFBP5,COL1A2,DDR2,COL5A2,COL6A2,COL6A3,FBLN1,COL4A1,FBN1,VIM,LOC123620063,LOC112268451,RN7SKP114,C2orf74-DT,PPARA,CDR2,ASPN,RN7SL841P,PABPC1P7,LOC105376214,LOC122128411,SCFD2,LINC01297,MRPS16P2,TFAMP2,LOC113845780,CDC27P5,H3P38,KRT18P56,LOC110121262,CACNG1,TBC1D10A,PPP2R3A,RNU6-1098P,EML4,RPS2P18,TRV-CAC6-1,CELIAC5","Fibroblasts"
1,1,"Luminal Epithelial","HES2,TFCP2L1,KLF5,SOX10,ELF5,SOX9,AFF3,KRT8,EPCAM,KIT,KRT18,ESR1,PGR,KRT7,PRLR,KRT19,MUC1,VEZTP1,RETN,RPL23AP91,CYCSP25,LOC121627934,HLX,LOC105369808,GCSHP3,LOC107986486,LOC105374879,RNA5S16,LOC122056776,RRAS2P2,TINF2,CLK3P1,LINC02895,LOC112577490","Mammary Epithelial Cells"
1,1,"Lymphatic Endothelial","LYVE1,MMRN1,FLT4,RELN,CCL21,PROX1,LYVE1,SNAP25,LOC116183062,IGHVII-44-2,WASIR2,GRK2,MIR1301,FXR2","Lymphatic endothelial cells"
1,1,"Macrophage","MS4A4A,RBPJ,MS4A6A,MRC1,C1QA,MR1,LYVE1,CSF1R,PTPRC,SLC11A1,LYZ,CD74,CD36,MERTK,MSR1,CPM,MS4A6A,CD163,CD68,LCN1P2,LOC105375717,RNU6-975P,LINC02585,LOC105373431,LOC105373014,SNX9-AS1,LOC107985694,LOC112469003,NEFHP1,GPR52,LOC646058,LOC105370274,TRBJ2-3,LOC110120613,BAGE4,FSCN1P1,OSR1,ANKRD6","Macrophages"
1,1,"Mast Cell","TPSAB1,FCER1A,TPSB2,KIT,CD69,HDC,RPL31,MRX84,SPOCK3,PPL,LOC105378543,LOC105371698","Mast cells"
1,1,"Myoepithelial (Basal)","ACTA2,KRT14,KRT17,KRT5,MME,TP63,CALD1,MYH11,LOC107986870,LOC108491824,UBQLNL,BAP1,LOC107984451,WDHD1,PRR23C,LOC110467528","Basal cells of the Epidermis"
1,1,"Pericyte","ACTA2,MYO1B,ACTA2,ANPEP,DES,MCAM,PDGFRB,CSPG4,ARNILA,RNU6-608P,TRDN,LOC112533644,IL17D,ERVK-29,LOC105376707,LOC120807607","Pericytes"
1,1,"Smooth Muscle","CALD1,ACTA2,TAGLN,MYH11,MYOCD,SMTN,VCL,CNN1,ACTG2,MYL9,PALLD,GUCY1A3,GUCY1B3,ACTN1,DES,CYCSP33,LOC110120615,LOC105372068,SNORA110,STK11IP,RPS20P14,LOC112268433,COCH,LOC122756677,RNU6-38P,PRAMEF5,ERVK9-3,LOC112806044,WFDC10A,C19orf12","Smooth muscle cells"
1,1,"T cell","CD96,PTPRC,CD247,SKAP1,THEMIS,CD69,IL7R,NKG7,TRAC,CD3D,CD3E,CD3G,TRBC1,CECR9,HPE8,LOC113939947,LOC112577558,GPX3,OR6C7P,KCNQ1-AS1,LOC100420779,CEP89,LOC121366078,RPL36P4,LOC110121024,LINC01054","T cells"
1,1,"Vascular Endothelial","LDB2,EGFL7,PECAM1,CDH5,VWF,PECAM1,RAMP3,CD300LG,BACE2,EPHB4,NOSTRIN,LDB2,PTPRB,CLDN5,LOC107522028,IGHV3-66,TUBA3GP,MIR3199-2,MIR335,ERVK3-1,MTND1P25,MTCO1P12,ANIB2,LOC116309148,UCN3,TEX261,LINC02028,LOC105375813","Endothelial cells"
2,0.25,"Adipocyte","EBF1,G0S2,PLIN1,PLIN2,LPIN1,FOXO1,PPARG,ACSL1,ADIPOQ,GHR,LOC105371967,LOC100129144","Adipocytes"
2,0.25,"B cell_memory","CR2,CD24,FAS,CXCR3,CD1c,C4orf46","B cells"
2,0.25,"Fibroblast","FN1,S100A4,FGF7,COL6A1,COL1A1,COL3A1,COL5A1,NEGR1,CCN2,FN1,DCN,SLIT2,COL6A6,HGF,COL18A1,IL6,IL33,IGFBP3,IGFBP5,COL1A2,DDR2,COL5A2,COL6A2,COL6A3,FBLN1,COL4A1,FBN1,VIM,LOC107986202,TNIK,LOC107985536,ERCC6L2-AS1,LOC105376017,OST4,LOC110120918","Fibroblasts"
2,0.25,"Luminal Epithelial","HES2,TFCP2L1,KLF5,SOX10,ELF5,SOX9,AFF3,KRT8,EPCAM,KIT,KRT18,ESR1,PGR,KRT7,PRLR,KRT19,MUC1,TRDV1,LOC111365145,NIFKP6,LOC110121263","Breast epithelial cells"
2,0.25,"Lymphatic Endothelial","LYVE1,MMRN1,FLT4,RELN,CCL21,PROX1,LYVE1,SLC25A5P5","Lymphatic endothelial cells"
2,0.25,"Macrophage","MS4A4A,RBPJ,MS4A6A,MRC1,C1QA,MR1,LYVE1,CSF1R,PTPRC,SLC11A1,LYZ,CD74,CD36,MERTK,MSR1,CPM,MS4A6A,CD163,CD68,LOC101928217,LOC107986444,PSORS10,PA2G4P6","Macrophages"
2,0.25,"Mast Cell","TPSAB1,FCER1A,TPSB2,KIT,CD69,HDC,SCGB1C1","Mast cells"
2,0.25,"Myoepithelial (Basal)","ACTA2,KRT14,KRT17,KRT5,MME,TP63,CALD1,MYH11,RAB13,CLASRP","Basal cells"
2,0.25,"Pericyte","ACTA2,MYO1B,ACTA2,ANPEP,DES,MCAM,PDGFRB,CSPG4,LINC02402,AMD1","Pericytes"
2,0.25,"Smooth Muscle","CALD1,ACTA2,TAGLN,MYH11,MYOCD,SMTN,VCL,CNN1,ACTG2,MYL9,PALLD,GUCY1A3,GUCY1B3,ACTN1,DES,LOC111365166,GOLGA8J,TRD-GTC2-10","Smooth muscle cells"
2,0.25,"T cell","CD96,PTPRC,CD247,SKAP1,THEMIS,CD69,IL7R,NKG7,TRAC,CD3D,CD3E,CD3G,TRBC1,KCTD10,LOC107987006,LOC122757935","T cells"
2,0.25,"Vascular Endothelial","LDB2,EGFL7,PECAM1,CDH5,VWF,PECAM1,RAMP3,CD300LG,BACE2,EPHB4,NOSTRIN,LDB2,PTPRB,CLDN5,RNU6-699P,LOC110120930,OR3B1P","Endothelial cells"
2,0.5,"Adipocyte","EBF1,G0S2,PLIN1,PLIN2,LPIN1,FOXO1,PPARG,ACSL1,ADIPOQ,GHR,MTND2P12,LOC107984774,LOC123477728,CDC37,LOC113175002","Adipocytes"
2,0.5,"B cell_memory","CR2,CD24,FAS,CXCR3,CD1c,ARNTL2-AS1,MIR941-2","B cells"
2,0.5,"Fibroblast","FN1,S100A4,FGF7,COL6A1,COL1A1,COL3A1,COL5A1,NEGR1,CCN2,FN1,DCN,SLIT2,COL6A6,HGF,COL18A1,IL6,IL33,IGFBP3,IGFBP5,COL1A2,DDR2,COL5A2,COL6A2,COL6A3,FBLN1,COL4A1,FBN1,VIM,MTND4LP30,RFTN1,C19orf12,SDHA,MIR9718,LOC105374513,LOC112267948,LINC02853,NPRL3,LOC110121325,LOC116309161,RN7SL719P,TYROBP,GPR4","Fibroblasts"
2,0.5,"Luminal Epithelial","HES2,TFCP2L1,KLF5,SOX10,ELF5,SOX9,AFF3,KRT8,EPCAM,KIT,KRT18,ESR1,PGR,KRT7,PRLR,KRT19,MUC1,RN7SKP203,OR2B3,LOC112577452,NDUFA5P1,H2BP2,COX6B2,LOC121627857,MIR4310","Breast epithelial cells"
2,0.5,"Lymphatic Endothelial","LYVE1,MMRN1,FLT4,RELN,CCL21,PROX1,LYVE1,LOC111365183,LOC105374841,CTDSPL","Lymphatic endothelial cells"
2,0.5,"Macrophage","MS4A4A,RBPJ,MS4A6A,MRC1,C1QA,MR1,LYVE1,CSF1R,PTPRC,SLC11A1,LYZ,CD74,CD36,MERTK,MSR1,CPM,MS4A6A,CD163,CD68,LOC107985358,LOC110120848,LOC122149333,RNA5SP399,H2AJ,CERS4,NKG7,LOC105373570,ADGRG4","Macrophages"
2,0.5,"Mast Cell","TPSAB1,FCER1A,TPSB2,KIT,CD69,HDC,ZNF682,TRGVB,DYZ1L16","Mast cells"
2,0.5,"Myoepithelial (Basal)","ACTA2,KRT14,KRT17,KRT5,MME,TP63,CALD1,MYH11,PTLS,LOC121852981,MTCO3P16,LOC105374094","Epithelial cells"
2,0.5,"Pericyte","ACTA2,MYO1B,ACTA2,ANPEP,DES,MCAM,PDGFRB,CSPG4,LOC112268053,HNRNPA1P52,GINS3,SNORD114-7","Smooth muscle cells"
2,0.5,"Smooth Muscle","CALD1,ACTA2,TAGLN,MYH11,MYOCD,SMTN,VCL,CNN1,ACTG2,MYL9,PALLD,GUCY1A3,GUCY1B3,ACTN1,DES,PIRC27,SPINK9,TET1P1,GKAP1,DNAJC1,ABCA11P,IL27RA","Myocytes"
2,0.5,"T cell","CD96,PTPRC,CD247,SKAP1,THEMIS,CD69,IL7R,NKG7,TRAC,CD3D,CD3E,CD3G,TRBC1,NDFIP2,RPS15AP21,ZNF107,C9orf57,KCTD9P1,LOC121848002","T-cells"
2,0.5,"Vascular Endothelial","LDB2,EGFL7,PECAM1,CDH5,VWF,PECAM1,RAMP3,CD300LG,BACE2,EPHB4,NOSTRIN,LDB2,PTPRB,CLDN5,SHCBP1,RN7SKP5,LRRC3-DT,PSAPL1,LOC105375484,LOC107984276,ELOCP6","Endothelial cells"
2,0.75,"Adipocyte","EBF1,G0S2,PLIN1,PLIN2,LPIN1,FOXO1,PPARG,ACSL1,ADIPOQ,GHR,LOC110121144,POLR2G,LIME1,LOC108281147,GNAS,HHIPL1,LOC101059986","Adipocytes"
2,0.75,"B cell_memory","CR2,CD24,FAS,CXCR3,CD1c,ALG1L12P,H2AW,PPIL4","B cells"
2,0.75,"Fibroblast","FN1,S100A4,FGF7,COL6A1,COL1A1,COL3A1,COL5A1,NEGR1,CCN2,FN1,DCN,SLIT2,COL6A6,HGF,COL18A1,IL6,IL33,IGFBP3,IGFBP5,COL1A2,DDR2,COL5A2,COL6A2,COL6A3,FBLN1,COL4A1,FBN1,VIM,MTND2P24,RNU1-27P,KTCN4,RNU6-3P,LOC100124402,RPL23A,ATP5MFP4,LOC124225052,SLC6A9,LOC123881371,MIR6731,BNIPL,MTATP8P3,GAPDHP35,LOC121967061,ADHD6,RN7SL172P,PLAC8L1,SGO1,SGCA,FBXO17","Fibroblasts"
2,0.75,"Luminal Epithelial","HES2,TFCP2L1,KLF5,SOX10,ELF5,SOX9,AFF3,KRT8,EPCAM,KIT,KRT18,ESR1,PGR,KRT7,PRLR,KRT19,MUC1,LOC116186931,ZFP2,CFL1P3,ACO1,LOC107985475,LOC105375553,LCE5A,LINC00460,TRAJ11,LOC108254694,RNU2-49P,ZRANB3","Epithelial cells"
2,0.75,"Lymphatic Endothelial","LYVE1,MMRN1,FLT4,RELN,CCL21,PROX1,LYVE1,FLJ25758,LOC121967050,CDH12P3,STAT1,TRS-GCT2-1","Lymphatic endothelial cells"
2,0.75,"Macrophage","MS4A4A,RBPJ,MS4A6A,MRC1,C1QA,MR1,LYVE1,CSF1R,PTPRC,SLC11A1,LYZ,CD74,CD36,MERTK,MSR1,CPM,MS4A6A,CD163,CD68,LOC100996699,DAB1-AS1,EIF4EBP1,CAMK2A,LOC105377413,ABCD3,LYPD2,RPRD1B,TUBGCP4,PCP2,PPIAP48,LOC112268053,LINC00331,LINC02737","Macrophages"
2,0.75,"Mast Cell","TPSAB1,FCER1A,TPSB2,KIT,CD69,HDC,EDIL3,LOC123477778,DQX1,SPINK9","Mast cells"
2,0.75,"Myoepithelial (Basal)","ACTA2,KRT14,KRT17,KRT5,MME,TP63,CALD1,MYH11,LOC107986412,LDHB,LINC02409,CA2,RN7SKP88,RAB44","Basal cells"
2,0.75,"Pericyte","ACTA2,MYO1B,ACTA2,ANPEP,DES,MCAM,PDGFRB,CSPG4,TRAJ38,RPL7AP66,B4GALT3,PKP4,RNU6-46P,LOC100419781","Pericytes"
2,0.75,"Smooth Muscle","CALD1,ACTA2,TAGLN,MYH11,MYOCD,SMTN,VCL,CNN1,ACTG2,MYL9,PALLD,GUCY1A3,GUCY1B3,ACTN1,DES,UIMC1,TRIM43B,LOC121815952,ERVK-30,MIR3974,MIR4749,RNU6-567P,LOC112939932,GPC5,FCP1,LOC105373430","Smooth muscle cells"
2,0.75,"T cell","CD96,PTPRC,CD247,SKAP1,THEMIS,CD69,IL7R,NKG7,TRAC,CD3D,CD3E,CD3G,TRBC1,CDK5R2,LOC105373258,LOC342443,ARLNC1,HNRNPL,SFXN2,LOC105375673,SEC31A,LOC107986477","T cells"
2,0.75,"Vascular Endothelial","LDB2,EGFL7,PECAM1,CDH5,VWF,PECAM1,RAMP3,CD300LG,BACE2,EPHB4,NOSTRIN,LDB2,PTPRB,CLDN5,CPHL1P,WDR48,LINC00656,FRA13D,OTUB2,LOC112694716,LOC105374949,LOC123497960,LOC113939968,LOC112533647","Endothelial cells"
2,1,"Adipocyte","EBF1,G0S2,PLIN1,PLIN2,LPIN1,FOXO1,PPARG,ACSL1,ADIPOQ,GHR,PCDHGB8P,LOC116276488,MIR6801,MPP7,LOC112268010,GPR143P,LOC260421,LOC107983980,LOC102724447,TFPI2","Adipocytes"
2,1,"B cell_memory","CR2,CD24,FAS,CXCR3,CD1c,RN7SL135P,LOC105374063,RAB11FIP1P1,LOC105378790,RN7SKP227","B cells"
2,1,"Fibroblast","FN1,S100A4,FGF7,COL6A1,COL1A1,COL3A1,COL5A1,NEGR1,CCN2,FN1,DCN,SLIT2,COL6A6,HGF,COL18A1,IL6,IL33,IGFBP3,IGFBP5,COL1A2,DDR2,COL5A2,COL6A2,COL6A3,FBLN1,COL4A1,FBN1,VIM,VRK3,LOC121056760,COL4A1,FAM182B,LOC105376512,DYZ1L7,EGFLAM,LRRC37A9P,LOC112163607,LOC101928561,IGKV1-12,MKI67,CASP7,LOC108251796,CSE1L-DT,CSN1S2AP,LOC105374834,LINC01945,LOC105377972,LINC02501,GRAMD4P8,LOC105371988,GIMAP1,H3P35,RNU6-399P,LOC110121085,LINC00667,RN7SKP238","Fibroblasts"
2,1,"Luminal Epithelial","HES2,TFCP2L1,KLF5,SOX10,ELF5,SOX9,AFF3,KRT8,EPCAM,KIT,KRT18,ESR1,PGR,KRT7,PRLR,KRT19,MUC1,LOC729557,CLLS3,CDRT15P12,HCG4P7,KCNG1,LOC105372028,RNA5SP479,LOC105369958,LOC113839504,RUFY4,RPL7AP36,PTMAP10,PGBD4P3,LOC121627839,RPL30-AS1,LOC112268136,LINC02468","Breast cells"
2,1,"Lymphatic Endothelial","LYVE1,MMRN1,FLT4,RELN,CCL21,PROX1,LYVE1,LOC114022708,RNA18SN3,LOC107987120,LIN54,CMD1H,KATNBL1P4,LOC646274","Lymphatic endothelial cells"
2,1,"Macrophage","MS4A4A,RBPJ,MS4A6A,MRC1,C1QA,MR1,LYVE1,CSF1R,PTPRC,SLC11A1,LYZ,CD74,CD36,MERTK,MSR1,CPM,MS4A6A,CD163,CD68,PNRC2,RNU6-596P,LOC105379554,MIR8073,ACBD5,RPS15AP11,HMGB1P6,CGB2,LOC123775391,MIR6831,LOC105373175,CLN3,RPS2P3,LOC105379195,MIR6069,LOC105372706,COQ10BP2,PLEKHG4,LOC110386951","Macrophages"
2,1,"Mast Cell","TPSAB1,FCER1A,TPSB2,KIT,CD69,HDC,SLC25A11,ZNF347,POLDIP2,RPA3P2,EVA1CP2,LCS1","Mast cells"
2,1,"Myoepithelial (Basal)","ACTA2,KRT14,KRT17,KRT5,MME,TP63,CALD1,MYH11,ZFYVE1,LOC107985661,VTI1BP3,CHAF1B,ZNF763,MFAP3,CSNK2B,PNPLA3","Basal cells"
2,1,"Pericyte","ACTA2,MYO1B,ACTA2,ANPEP,DES,MCAM,PDGFRB,CSPG4,LOC110120784,LOC107986669,LOC101927898,RNU4ATAC10P,XAB2,ASMTL,KRT8P11,ZNF433-AS1","Myofibroblasts"
2,1,"Smooth Muscle","CALD1,ACTA2,TAGLN,MYH11,MYOCD,SMTN,VCL,CNN1,ACTG2,MYL9,PALLD,GUCY1A3,GUCY1B3,ACTN1,DES,C13orf42,LINC01281,RNA5SP430,LOC122819159,EFCAB10,GRAPLDR,LOC105378577,TMEM138,LINC00628,LOC105375504,RPP38,NDUFAF4P3,LINC02154,NTN3,TEX45","Smooth muscle cells"
2,1,"T cell","CD96,PTPRC,CD247,SKAP1,THEMIS,CD69,IL7R,NKG7,TRAC,CD3D,CD3E,CD3G,TRBC1,NDUFA2,CNTNAP3P2,C4BPAP1,LOC105379130,GPANK1,POLR3C,TRIM28,CYCSP29,RNVU1-33,OR52S1P,LINC00491,LOC122128456,CRYM-AS1","T cells"
2,1,"Vascular Endothelial","LDB2,EGFL7,PECAM1,CDH5,VWF,PECAM1,RAMP3,CD300LG,BACE2,EPHB4,NOSTRIN,LDB2,PTPRB,CLDN5,BCL2L10,MAP3K13,GAPVD1,LINC00320,LOC105371219,ALDH3A1,LOC121466707,ZNF705B,FMR1-AS1,SMCR6,LOC105372685,LOC116216132,MIR520G,GRIP2","Endothelial cells"
3,0.25,"Adipocyte","EBF1,G0S2,PLIN1,PLIN2,LPIN1,FOXO1,PPARG,ACSL1,ADIPOQ,GHR,LOC101928636,SNORD13D","Adipocytes"
3,0.25,"B cell_memory","CR2,CD24,FAS,CXCR3,CD1c,PARP4P2","B cells"
3,0.25,"Fibroblast","FN1,S100A4,FGF7,COL6A1,COL1A1,COL3A1,COL5A1,NEGR1,CCN2,FN1,DCN,SLIT2,COL6A6,HGF,COL18A1,IL6,IL33,IGFBP3,IGFBP5,COL1A2,DDR2,COL5A2,COL6A2,COL6A3,FBLN1,COL4A1,FBN1,VIM,PINX1-DT,ZNF565,HIPK1-AS1,KIF21A,CNTNAP3P3,LOC644462,FTH1P21","Fibroblasts"
3,0.25,"Luminal Epithelial","HES2,TFCP2L1,KLF5,SOX10,ELF5,SOX9,AFF3,KRT8,EPCAM,KIT,KRT18,ESR1,PGR,KRT7,PRLR,KRT19,MUC1,ZBTB7C-AS1,PYY,RNU4-84P,MGAT2P1","Breast epithelial cells"
3,0.25,"Lymphatic Endothelial","LYVE1,MMRN1,FLT4,RELN,CCL21,PROX1,LYVE1,MYO1F","Lymphatic endothelial cells"
3,0.25,"Macrophage","MS4A4A,RBPJ,MS4A6A,MRC1,C1QA,MR1,LYVE1,CSF1R,PTPRC,SLC11A1,LYZ,CD74,CD36,MERTK,MSR1,CPM,MS4A6A,CD163,CD68,LOC105375876,PGK1P1,RNU7-116P,PIF1","Macrophages"
3,0.25,"Mast Cell","TPSAB1,FCER1A,TPSB2,KIT,CD69,HDC,RPL9P30","Mast cells"
3,0.25,"Myoepithelial (Basal)","ACTA2,KRT14,KRT17,KRT5,MME,TP63,CALD1,MYH11,SGCA,MFAP3","Epithelial cells"
3,0.25,"Pericyte","ACTA2,MYO1B,ACTA2,ANPEP,DES,MCAM,PDGFRB,CSPG4,MMRFCGU,RN7SL261P","Pericytes"
3,0.25,"Smooth Muscle","CALD1,ACTA2,TAGLN,MYH11,MYOCD,SMTN,VCL,CNN1,ACTG2,MYL9,PALLD,GUCY1A3,GUCY1B3,ACTN1,DES,TRT-TGT2-1,TRV-CAC11-1,BRDTP1","Smooth muscle cells"
3,0.25,"T cell","CD96,PTPRC,CD247,SKAP1,THEMIS,CD69,IL7R,NKG7,TRAC,CD3D,CD3E,CD3G,TRBC1,OR4K13,CASC3,LOC116268467","T cells"
3,0.25,"Vascular Endothelial","LDB2,EGFL7,PECAM1,CDH5,VWF,PECAM1,RAMP3,CD300LG,BACE2,EPHB4,NOSTRIN,LDB2,PTPRB,CLDN5,GNAS-AS1,CTAGE12P,BCDIN3D","Endothelial cells"
3,0.5,"Adipocyte","EBF1,G0S2,PLIN1,PLIN2,LPIN1,FOXO1,PPARG,ACSL1,ADIPOQ,GHR,LOC124433244,CCL15-CCL14,HNRNPMP2,STAT1,ACAP3","Adipocytes"
3,0.5,"B cell_memory","CR2,CD24,FAS,CXCR3,CD1c,RPS11P2,HINT3","B cells"
3,0.5,"Fibroblast","FN1,S100A4,FGF7,COL6A1,COL1A1,COL3A1,COL5A1,NEGR1,CCN2,FN1,DCN,SLIT2,COL6A6,HGF,COL18A1,IL6,IL33,IGFBP3,IGFBP5,COL1A2,DDR2,COL5A2,COL6A2,COL6A3,FBLN1,COL4A1,FBN1,VIM,TRA-AGC11-1,AMPD3,GMFG,LY6L,MIR4290HG,RNU1-33P,LOC107984442,LOC107985927,LOC105371813,NPEPPS,LINC02799,B4GALT1,EEF1E1,STK33","Fibroblasts"
3,0.5,"Luminal Epithelial","HES2,TFCP2L1,KLF5,SOX10,ELF5,SOX9,AFF3,KRT8,EPCAM,KIT,KRT18,ESR1,PGR,KRT7,PRLR,KRT19,MUC1,SERTM1,KYAT1,bA255A11.4,KRT18P45,LOC121587571,LOC107985157,LOC121331324,LINC02646","Luminal epithelial cells"
3,0.5,"Lymphatic Endothelial","LYVE1,MMRN1,FLT4,RELN,CCL21,PROX1,LYVE1,LOC110120815,RNA5SP281,LOC120807610","Lymphatic endothelial cells"
3,0.5,"Macrophage","MS4A4A,RBPJ,MS4A6A,MRC1,C1QA,MR1,LYVE1,CSF1R,PTPRC,SLC11A1,LYZ,CD74,CD36,MERTK,MSR1,CPM,MS4A6A,CD163,CD68,NIFKP4,HMGN2P48,MTTP,MSL3,TRN-GTT2-3,CCNA2,CYP4F11,RN7SKP111,MTMR11","Macrophages"
3,0.5,"Mast Cell","TPSAB1,FCER1A,TPSB2,KIT,CD69,HDC,LOC109461484,RNU6-777P,LOC105374211","Mast cells"
3,0.5,"Myoepithelial (Basal)","ACTA2,KRT14,KRT17,KRT5,MME,TP63,CALD1,MYH11,NLRP8,LOC123956267,LOC116276467,EIF4ENIF1","Myoepithelial cells"
3,0.5,"Pericyte","ACTA2,MYO1B,ACTA2,ANPEP,DES,MCAM,PDGFRB,CSPG4,LOC105371419,LOC116276510,FOXC2,LOC110120731","Pericytes"
3,0.5,"Smooth Muscle","CALD1,ACTA2,TAGLN,MYH11,MYOCD,SMTN,VCL,CNN1,ACTG2,MYL9,PALLD,GUCY1A3,GUCY1B3,ACTN1,DES,ENPP7P1,RNU6-623P,LOC400940,MICE,PIGZ,KCND1,ANXA2P2","Smooth muscle cells"
3,0.5,"T cell","CD96,PTPRC,CD247,SKAP1,THEMIS,CD69,IL7R,NKG7,TRAC,CD3D,CD3E,CD3G,TRBC1,PRDX3P1,PIP4K2A,IGBP1-AS1,LOC105374220,CFAP20DC,GTF2IP10","T cells"
3,0.5,"Vascular Endothelial","LDB2,EGFL7,PECAM1,CDH5,VWF,PECAM1,RAMP3,CD300LG,BACE2,EPHB4,NOSTRIN,LDB2,PTPRB,CLDN5,LOC121815954,GNA14,ERCC2,FOXF2-DT,KLHL10,LOC101927469,CFAP97D1","Endothelial cells"
3,0.75,"Adipocyte","EBF1,G0S2,PLIN1,PLIN2,LPIN1,FOXO1,PPARG,ACSL1,ADIPOQ,GHR,RPL21P125,PHF3,LOC122756681,NCKAP1L,FRA11H,RN7SL762P,USH2A-AS2","Adipocytes"
3,0.75,"B cell_memory","CR2,CD24,FAS,CXCR3,CD1c,LINC02898,MIR6770-2,PRPS2","B cells"
3,0.75,"Fibroblast","FN1,S100A4,FGF7,COL6A1,COL1A1,COL3A1,COL5A1,NEGR1,CCN2,FN1,DCN,SLIT2,COL6A6,HGF,COL18A1,IL6,IL33,IGFBP3,IGFBP5,COL1A2,DDR2,COL5A2,COL6A2,COL6A3,FBLN1,COL4A1,FBN1,VIM,DRAP1,RPL17P44,GOT2,PGLS-DT,RAP1AP,LOC105371311,FAM131A,LOC105371460,LOC121725064,ERVK9-7,MIR6126,NEFMP1,LOC120893141,LOC102723539,SLC7A11,CD300E,FRA11H,LOC123493297,LOC121627929,LOC105376934,CERS1","Fibroblasts"
3,0.75,"Luminal Epithelial","HES2,TFCP2L1,KLF5,SOX10,ELF5,SOX9,AFF3,KRT8,EPCAM,KIT,KRT18,ESR1,PGR,KRT7,PRLR,KRT19,MUC1,LOC100418712,SCLL,LOC116286194,LINC01868,LINC02578,LOC112543428,RNA5SP132,LOC107986112,MTND5P8,RNU6-1000P,MIR4263,RNU7-186P","Epithelial cells"
3,0.75,"Lymphatic Endothelial","LYVE1,MMRN1,FLT4,RELN,CCL21,PROX1,LYVE1,RNU7-52P,LOC105378844,ANKRD40CL,TMEM150A,RNU6-1237P","Lymphatic endothelial cells"
3,0.75,"Macrophage","MS4A4A,RBPJ,MS4A6A,MRC1,C1QA,MR1,LYVE1,CSF1R,PTPRC,SLC11A1,LYZ,CD74,CD36,MERTK,MSR1,CPM,MS4A6A,CD163,CD68,DUXAP6,LOC123881325,LOC105377095,LOC112268245,LOC105375889,LOC107986032,ACOX2,RNU6-127P,MBOAT7,RNU6-381P,LOC107986830,RNA5-8S2,VDAC1,ANKRD36","Macrophages"
3,0.75,"Mast Cell","TPSAB1,FCER1A,TPSB2,KIT,CD69,HDC,PAICSP5,ELAVL4,LRRC52,LOC105372034","Mast cells"
3,0.75,"Myoepithelial (Basal)","ACTA2,KRT14,KRT17,KRT5,MME,TP63,CALD1,MYH11,IGHG1,IGHV7-4-1,LOC110120725,CFHR4,RPEL1,RARRES2","Epithelial cells"
3,0.75,"Pericyte","ACTA2,MYO1B,ACTA2,ANPEP,DES,MCAM,PDGFRB,CSPG4,IGHV4-55,LOC110120782,LOC123575623,RCC2P1,NFE2L1-DT,AK4P4","Myofibroblasts"
3,0.75,"Smooth Muscle","CALD1,ACTA2,TAGLN,MYH11,MYOCD,SMTN,VCL,CNN1,ACTG2,MYL9,PALLD,GUCY1A3,GUCY1B3,ACTN1,DES,VSX1,FEB10,LOC107986876,MARCHF8,LOC107985380,GARIN2,CER1,HK3,LOC122847317,GBP6,MVK","Smooth muscle cells"
3,0.75,"T cell","CD96,PTPRC,CD247,SKAP1,THEMIS,CD69,IL7R,NKG7,TRAC,CD3D,CD3E,CD3G,TRBC1,LOC115945149,RN7SL536P,PNPLA5,LOC100505782,OR10AB1P,LOC107984642,LOC110120864,SIVA1,LOC108281168","T cells"
3,0.75,"Vascular Endothelial","LDB2,EGFL7,PECAM1,CDH5,VWF,PECAM1,RAMP3,CD300LG,BACE2,EPHB4,NOSTRIN,LDB2,PTPRB,CLDN5,MIR6128,B3GNT7,CCDC14,NXT1,RPLP2P5,RN7SL500P,LOC105379356,LOC113175005,OPN3,BMND5","Endothelial cells"
3,1,"Adipocyte","EBF1,G0S2,PLIN1,PLIN2,LPIN1,FOXO1,PPARG,ACSL1,ADIPOQ,GHR,LOC112543433,FTH1P21,RNU7-80P,RPL21P23,LOC110121507,KRTAP11-1,LOC122526780,LOC108318668,HLF,CCAR1","Adipocytes"
3,1,"B cell_memory","CR2,CD24,FAS,CXCR3,CD1c,LOC113939927,TMEM108,LOC105375976,SPEN-AS1,LOC121587541","B cells"
3,1,"Fibroblast","FN1,S100A4,FGF7,COL6A1,COL1A1,COL3A1,COL5A1,NEGR1,CCN2,FN1,DCN,SLIT2,COL6A6,HGF,COL18A1,IL6,IL33,IGFBP3,IGFBP5,COL1A2,DDR2,COL5A2,COL6A2,COL6A3,FBLN1,COL4A1,FBN1,VIM,EVI2A,MAD2L1-DT,LOC105379178,NAFLD1,LOC114803469,GREB1,LOC124416843,ABHD17A,LOC105378650,SNORD153,HMGB3P22,MRPS36P3,PRPF8,LOC105369793,LOC111413043,LOC123497907,RN7SL131P,TRIM42,GTF2A1,LOC124252624,SLC35F5,RBPJP5,RIOX2,RNU6-1171P,SPIC,LOC107403234,USP9YP22,MIR7706","Fibroblasts"
3,1,"Luminal Epithelial","HES2,TFCP2L1,KLF5,SOX10,ELF5,SOX9,AFF3,KRT8,EPCAM,KIT,KRT18,ESR1,PGR,KRT7,PRLR,KRT19,MUC1,MSANTD2,RNA18S4,MIR493,MTND4P2,CYTIP,LOC120807611,PAGE2B,KCTD5,MIR519C,SNRNP35,MMVP3,FASTKD3,ZNF285BP,NUDT4P2,DOCK9-AS1,USP17L14P,LOC105373275","Epithelial cells"
3,1,"Lymphatic Endothelial","LYVE1,MMRN1,FLT4,RELN,CCL21,PROX1,LYVE1,SPATA3,IRS4-AS1,ZNF695,SLC25A5,LOC100420054,GRAMD4P3,PEE3","Lymphatic endothelial cells"
3,1,"Macrophage","MS4A4A,RBPJ,MS4A6A,MRC1,C1QA,MR1,LYVE1,CSF1R,PTPRC,SLC11A1,LYZ,CD74,CD36,MERTK,MSR1,CPM,MS4A6A,CD163,CD68,LOC123493273,EPX,CTSLP2,SLC25A10,HSPA5-DT,UTP4,LOC121740696,LOC100128713,LOC105376637,SNORD23,FGF7P7,LOC121725164,CARD19,LOC107987245,TRE-CTC15-1,LOC121740660,LOC105369905,LOC123002324,NMTRQ-TTG14-1","Macrophages"
3,1,"Mast Cell","TPSAB1,FCER1A,TPSB2,KIT,CD69,HDC,LOC105370310,LOC105378604,LOC729774,EBF1,GOLGA8A,LOC113788249","Mast cells"
3,1,"Myoepithelial (Basal)","ACTA2,KRT14,KRT17,KRT5,MME,TP63,CALD1,MYH11,LOC124153141,LOC646927,RTP5,LCE2D,LOC110594337,MIR6769A,LOC105372131,TRK-TTT3-2","Keratinocytes"
3,1,"Pericyte","ACTA2,MYO1B,ACTA2,ANPEP,DES,MCAM,PDGFRB,CSPG4,CYCSP51,ANKRD33B-AS1,LINC01496,LOC107986485,PCDHB1,TRIM16,LOC112163657,LOC121853035","Pericytes"
3,1,"Smooth Muscle","CALD1,ACTA2,TAGLN,MYH11,MYOCD,SMTN,VCL,CNN1,ACTG2,MYL9,PALLD,GUCY1A3,GUCY1B3,ACTN1,DES,RNU6-392P,CHCHD1,PTCPRN,CH507-9B2.8,LOC114827856,FAM21EP,ERVH-2,ST13P11,ARHGEF35,LOC105375613,CLCN7,LOC105376489,NKX2-2,SPATA31D2P,LAMA4","Smooth muscle cells"
3,1,"T cell","CD96,PTPRC,CD247,SKAP1,THEMIS,CD69,IL7R,NKG7,TRAC,CD3D,CD3E,CD3G,TRBC1,ZNF628,RN7SL616P,LINC01208,LOC441228,LINC01265,LOC121847964,RPL39L,IGKV1OR10-1,LOC105379839,LOC114022702,LINC02185,LOC112268049,RPL21P54","T cells"
3,1,"Vascular Endothelial","LDB2,EGFL7,PECAM1,CDH5,VWF,PECAM1,RAMP3,CD300LG,BACE2,EPHB4,NOSTRIN,LDB2,PTPRB,CLDN5,MT1A,LIN52,LOC93429,LOC122861260,LOC105372962,OR7E55P,IGKV2D-28,PANK1-AS1,IL10,ZNF790,LOC112296178,LGALS17A,LOC105376634,RN7SL722P","Endothelial cells"
4,0.25,"Adipocyte","EBF1,G0S2,PLIN1,PLIN2,LPIN1,FOXO1,PPARG,ACSL1,ADIPOQ,GHR,MRPS35P3,LOC107984293","Adipocytes"
4,0.25,"B cell_memory","CR2,CD24,FAS,CXCR3,CD1c,RBMS3-AS3","B cells"
4,0.25,"Fibroblast","FN1,S100A4,FGF7,COL6A1,COL1A1,COL3A1,COL5A1,NEGR1,CCN2,FN1,DCN,SLIT2,COL6A6,HGF,COL18A1,IL6,IL33,IGFBP3,IGFBP5,COL1A2,DDR2,COL5A2,COL6A2,COL6A3,FBLN1,COL4A1,FBN1,VIM,FADS2B,C11orf16,OR5L1,RN7SKP167,TRIM8,LOC121838568,RPS26P19","Fibroblasts"
4,0.25,"Luminal Epithelial","HES2,TFCP2L1,KLF5,SOX10,ELF5,SOX9,AFF3,KRT8,EPCAM,KIT,KRT18,ESR1,PGR,KRT7,PRLR,KRT19,MUC1,FGFR4,MKI67P1,USP21P1,SLC30A9","Mammary Epithelial Cells"
4,0.25,"Lymphatic Endothelial","LYVE1,MMRN1,FLT4,RELN,CCL21,PROX1,LYVE1,LOC105379250","Lymphatic Endothelial Cells"
4,0.25,"Macrophage","MS4A4A,RBPJ,MS4A6A,MRC1,C1QA,MR1,LYVE1,CSF1R,PTPRC,SLC11A1,LYZ,CD74,CD36,MERTK,MSR1,CPM,MS4A6A,CD163,CD68,LOC105369302,RACGAP1,RPL29P6,LINC01726","Macrophages"
4,0.25,"Mast Cell","TPSAB1,FCER1A,TPSB2,KIT,CD69,HDC,MARVELD1","Mast cells"
4,0.25,"Myoepithelial (Basal)","ACTA2,KRT14,KRT17,KRT5,MME,TP63,CALD1,MYH11,CTRCT25,SLC25A16","Myoepithelial Cells"
4,0.25,"Pericyte","ACTA2,MYO1B,ACTA2,ANPEP,DES,MCAM,PDGFRB,CSPG4,LOC105376634,LOC107987416","Pericytes"
4,0.25,"Smooth Muscle","CALD1,ACTA2,TAGLN,MYH11,MYOCD,SMTN,VCL,CNN1,ACTG2,MYL9,PALLD,GUCY1A3,GUCY1B3,ACTN1,DES,LOC646853,C1QC,LOC121530590","Smooth Muscle Cells"
4,0.25,"T cell","CD96,PTPRC,CD247,SKAP1,THEMIS,CD69,IL7R,NKG7,TRAC,CD3D,CD3E,CD3G,TRBC1,LOC122056881,CDKN2C,TRP-TGG3-1","T cells"
4,0.25,"Vascular Endothelial","LDB2,EGFL7,PECAM1,CDH5,VWF,PECAM1,RAMP3,CD300LG,BACE2,EPHB4,NOSTRIN,LDB2,PTPRB,CLDN5,ZNF607,LOC105376332,CTAGE16P","Endothelial Cells"
4,0.5,"Adipocyte","EBF1,G0S2,PLIN1,PLIN2,LPIN1,FOXO1,PPARG,ACSL1,ADIPOQ,GHR,MIR5705,MIR8064,NYS5,IGHVIII-16-1,ZBTB2","Adipocytes"
4,0.5,"B cell_memory","CR2,CD24,FAS,CXCR3,CD1c,LOC123924917,LOC105378193","B cells"
4,0.5,"Fibroblast","FN1,S100A4,FGF7,COL6A1,COL1A1,COL3A1,COL5A1,NEGR1,CCN2,FN1,DCN,SLIT2,COL6A6,HGF,COL18A1,IL6,IL33,IGFBP3,IGFBP5,COL1A2,DDR2,COL5A2,COL6A2,COL6A3,FBLN1,COL4A1,FBN1,VIM,LOC123477708,LOC107986939,USP2-AS1,LOC110120683,RPL26P37,NCKAP5-IT1,FEZF2,RIMS4,SMURF2P1,LOC105369718,MIR4481,SEZ6L2,LOC111828512,RNU6-1205P","Fibroblasts"
4,0.5,"Luminal Epithelial","HES2,TFCP2L1,KLF5,SOX10,ELF5,SOX9,AFF3,KRT8,EPCAM,KIT,KRT18,ESR1,PGR,KRT7,PRLR,KRT19,MUC1,GOLGA8N,RPL19P15,LOC121056742,LOC105369881,RPL7P22,LOC390600,ZNF343,PRKX-AS1","Breast Cells"
4,0.5,"Lymphatic Endothelial","LYVE1,MMRN1,FLT4,RELN,CCL21,PROX1,LYVE1,OR4F5,LINC02772,RPL7P14","Lymphatic Endothelial Cells"
4,0.5,"Macrophage","MS4A4A,RBPJ,MS4A6A,MRC1,C1QA,MR1,LYVE1,CSF1R,PTPRC,SLC11A1,LYZ,CD74,CD36,MERTK,MSR1,CPM,MS4A6A,CD163,CD68,SORCS3,SCNN1D,KATNAL1,SULT1A4,RASGEF1C,TPT1P15,LOC123038184,RN7SL607P,DZIP1L","Macrophages"
4,0.5,"Mast Cell","TPSAB1,FCER1A,TPSB2,KIT,CD69,HDC,LOC116186912,LOC105379409,LOC105376839","Mast Cells"
4,0.5,"Myoepithelial (Basal)","ACTA2,KRT14,KRT17,KRT5,MME,TP63,CALD1,MYH11,RAB3B,AFF4,MIR4428,NBPF18P","Basal Cells"
4,0.5,"Pericyte","ACTA2,MYO1B,ACTA2,ANPEP,DES,MCAM,PDGFRB,CSPG4,VPS26AP1,RPS29P6,RN7SKP72,TPT1P12","Smooth Muscle Cells"
4,0.5,"Smooth Muscle","CALD1,ACTA2,TAGLN,MYH11,MYOCD,SMTN,VCL,CNN1,ACTG2,MYL9,PALLD,GUCY1A3,GUCY1B3,ACTN1,DES,USP9YP18,LOC107984437,LURAP1L,LOC112935932,MIR30D,PKP3,LOC110120764","Smooth Muscle Cells"
4,0.5,"T cell","CD96,PTPRC,CD247,SKAP1,THEMIS,CD69,IL7R,NKG7,TRAC,CD3D,CD3E,CD3G,TRBC1,ZNF570,LOC107984567,LOC101928331,VENTXP7,SMURF1,PLCH1-AS1","T cells"
4,0.5,"Vascular Endothelial","LDB2,EGFL7,PECAM1,CDH5,VWF,PECAM1,RAMP3,CD300LG,BACE2,EPHB4,NOSTRIN,LDB2,PTPRB,CLDN5,LOC105373194,LOC105374304,VAPA,ACOT12,NACC1,OR13K1P,CCL15-CCL14","Endothelial Cells"
4,0.75,"Adipocyte","EBF1,G0S2,PLIN1,PLIN2,LPIN1,FOXO1,PPARG,ACSL1,ADIPOQ,GHR,TNFSF14,EEF1A1P3,ACVRL1,LOC121392956,RNU4-76P,S100A11P10,E2F3P2","Adipocytes"
4,0.75,"B cell_memory","CR2,CD24,FAS,CXCR3,CD1c,LOC124310585,RPS3AP16,LOC105378088","B cells"
4,0.75,"Fibroblast","FN1,S100A4,FGF7,COL6A1,COL1A1,COL3A1,COL5A1,NEGR1,CCN2,FN1,DCN,SLIT2,COL6A6,HGF,COL18A1,IL6,IL33,IGFBP3,IGFBP5,COL1A2,DDR2,COL5A2,COL6A2,COL6A3,FBLN1,COL4A1,FBN1,VIM,LOC102724672,RNA18S1,MIR3142,ERVW-8,LOC111365206,CYP1A2,IFNG,TRT-AGT3-1,PIERCE2,LOC116268471,RIOK3,PSPC1,ALG1L9P,LOC110121063,LOC112268419,GRIFIN,BBIP1,LINC01661,CTSS,LOC100130618,RBBP4P4","Fibroblasts"
4,0.75,"Luminal Epithelial","HES2,TFCP2L1,KLF5,SOX10,ELF5,SOX9,AFF3,KRT8,EPCAM,KIT,KRT18,ESR1,PGR,KRT7,PRLR,KRT19,MUC1,DNAJB1P1,OR4F13P,LOC110673971,LOC113687201,CFAP44,RPS27P16,MIR4506,LOC113875031,GNGT2,PGAM1P8,RPL23AP95,PELI2","Luminal Epithelial Cells"
4,0.75,"Lymphatic Endothelial","LYVE1,MMRN1,FLT4,RELN,CCL21,PROX1,LYVE1,LOC121832836,LOC102723630,LOC105370821,OR2H2,LINC01502","Lymphatic Endothelial Cells"
4,0.75,"Macrophage","MS4A4A,RBPJ,MS4A6A,MRC1,C1QA,MR1,LYVE1,CSF1R,PTPRC,SLC11A1,LYZ,CD74,CD36,MERTK,MSR1,CPM,MS4A6A,CD163,CD68,LOC112268011,LOC105376410,MORF4L1P2,CSGALNACT2P1,SNORD150,LOC123956208,H4C13,MTATP8P1,LOC105377473,EFCAB14-AS1,POROK5,ELOBP3,LOC107984872,LOC101929552","Macrophages"
4,0.75,"Mast Cell","TPSAB1,FCER1A,TPSB2,KIT,CD69,HDC,LOC105370094,C20orf96,MIR6130,LOC105373151","Mast Cells"
4,0.75,"Myoepithelial (Basal)","ACTA2,KRT14,KRT17,KRT5,MME,TP63,CALD1,MYH11,KRT8P29,NUDT15P2,MARK2,LINC01067,RN7SL446P,EIF4BP7","Basal Epithelial Cells"
4,0.75,"Pericyte","ACTA2,MYO1B,ACTA2,ANPEP,DES,MCAM,PDGFRB,CSPG4,LOC121853001,SMSP1,LINC01674,ZBED9-AS1,LOC112806054,LOC100129942","Pericytes"
4,0.75,"Smooth Muscle","CALD1,ACTA2,TAGLN,MYH11,MYOCD,SMTN,VCL,CNN1,ACTG2,MYL9,PALLD,GUCY1A3,GUCY1B3,ACTN1,DES,RFX3-DT,LOC110121105,RNASE2CP,PPP2CB,LOC107984823,LOC123522806,LRRC59,LOC100420779,LOC108228207,MIR138-2,LOC107986182","Smooth Muscle Cells"
4,0.75,"T cell","CD96,PTPRC,CD247,SKAP1,THEMIS,CD69,IL7R,NKG7,TRAC,CD3D,CD3E,CD3G,TRBC1,LOC105370910,LOC110120859,CYP3A4,NMT1,NASPP1,CDKN2D,RBM19,CUPIN1P,LOC121466710","T cells"
4,0.75,"Vascular Endothelial","LDB2,EGFL7,PECAM1,CDH5,VWF,PECAM1,RAMP3,CD300LG,BACE2,EPHB4,NOSTRIN,LDB2,PTPRB,CLDN5,LOC100422368,RNU6-260P,RNU6-1230P,SNORA95,MANEALP1,TRAPPC1,SNORD116-12,LOC121838559,TMPRSS11D,KRTAP4-5","Endothelial Cells"
4,1,"Adipocyte","EBF1,G0S2,PLIN1,PLIN2,LPIN1,FOXO1,PPARG,ACSL1,ADIPOQ,GHR,LOC107983960,FAM131A,PAF1,RNA5SP499,SNHG22,SLC35E4,SMG1P6,LOC105378936,RN7SL408P,LOC110120683","Adipocytes"
4,1,"B cell_memory","CR2,CD24,FAS,CXCR3,CD1c,LOC105376625,DEL1Q41Q42,MIR3155B,LOC105371910,USP9YP16","B cells"
4,1,"Fibroblast","FN1,S100A4,FGF7,COL6A1,COL1A1,COL3A1,COL5A1,NEGR1,CCN2,FN1,DCN,SLIT2,COL6A6,HGF,COL18A1,IL6,IL33,IGFBP3,IGFBP5,COL1A2,DDR2,COL5A2,COL6A2,COL6A3,FBLN1,COL4A1,FBN1,VIM,RPL7AP52,VIM2P,CMT2G,LOC101928786,LOC105369313,VDI,LOC105371939,FAM133A,RUSC1-AS1,SH3BP5L,GXYLT1P2,LOC121132682,LOC100422501,LOC107984948,DUX4L24,LOC105379321,LOC112577567,LOC105369625,LOC105372880,LOC112577559,LOC107986154,DEL1P36,PALS1,LOC102724510,LOC112340379,LOC105371095,CLQTL1,LOC105370409","Fibroblasts"
4,1,"Luminal Epithelial","HES2,TFCP2L1,KLF5,SOX10,ELF5,SOX9,AFF3,KRT8,EPCAM,KIT,KRT18,ESR1,PGR,KRT7,PRLR,KRT19,MUC1,LOC105372242,LOC105372118,ECI1-AS1,PI4K2A,LOC105373576,LINC00837,H4C10P,RNU5A-5P,LOC112268296,ERV3-1,LINC02345,LOC116268464,RPL36AP38,SMIM26,LINC01154,DUX4L20,RNU7-157P","Breast Epithelial Cells"
4,1,"Lymphatic Endothelial","LYVE1,MMRN1,FLT4,RELN,CCL21,PROX1,LYVE1,ATP7B,RN7SL497P,P2RX7,ACTL9,NLRP3,RNU6-795P,LOC100419975","Lymphatic Endothelial Cells"
4,1,"Macrophage","MS4A4A,RBPJ,MS4A6A,MRC1,C1QA,MR1,LYVE1,CSF1R,PTPRC,SLC11A1,LYZ,CD74,CD36,MERTK,MSR1,CPM,MS4A6A,CD163,CD68,RNU7-48P,LOC121725077,RIMOC1,LOC105371605,REXO1L9P,ENO1P3,RNU6-1240P,TECTB,LOC105379340,FAM99A,LOC105371631,LOC106007490,LOC107984261,LOC107985406,LINC01149,KIRREL3-AS1,LOC124110275,TRN-GTT16-3,MRPL28","Macrophages"
4,1,"Mast Cell","TPSAB1,FCER1A,TPSB2,KIT,CD69,HDC,RPL6P30,LOC105372770,LOC123864073,CSNK1G2-AS1,WARS1P1,LOC116216119","Mast Cells"
4,1,"Myoepithelial (Basal)","ACTA2,KRT14,KRT17,KRT5,MME,TP63,CALD1,MYH11,MMUT,LOC112577599,LOC110120776,OSCAR,RPS11P2,STX7,CICP17,DDIAS","Basal Cells"
4,1,"Pericyte","ACTA2,MYO1B,ACTA2,ANPEP,DES,MCAM,PDGFRB,CSPG4,COMA,MIR1255B2,LOC100129262,NRBF2P4,LOC113748396,RNY3P12,RN7SL50P,ELOA2","Smooth Muscle Cells"
4,1,"Smooth Muscle","CALD1,ACTA2,TAGLN,MYH11,MYOCD,SMTN,VCL,CNN1,ACTG2,MYL9,PALLD,GUCY1A3,GUCY1B3,ACTN1,DES,LOC112272610,LOC105370204,CASP4LP,LINC02624,H2AP,LOC112268416,TMEM30A-DT,EMC1-AS1,ANIB3,RNY3P6,RNU7-181P,MTCO3P26,PACSIN1,CCT6P3,GPR3","Smooth Muscle Cells"
4,1,"T cell","CD96,PTPRC,CD247,SKAP1,THEMIS,CD69,IL7R,NKG7,TRAC,CD3D,CD3E,CD3G,TRBC1,LOC121853037,MTND3P4,LAMTOR2,ERI2,HSBP1L1,RPL30P15,LINC02000,LOC646927,EJM4,HMGN2P36,HABP2,PRUNEP1,LOC110121267","T cells"
4,1,"Vascular Endothelial","LDB2,EGFL7,PECAM1,CDH5,VWF,PECAM1,RAMP3,CD300LG,BACE2,EPHB4,NOSTRIN,LDB2,PTPRB,CLDN5,LOC644060,LOC100422548,LOC105370366,MTND1P12,CRYGEP,CNGA4,SNORD164,RNU6-347P,YUHAL,RNA5SP173,IGKV2OR2-10,RN7SL330P,LOC112267870,LRTM1","Endothelial Cells"
5,0.25,"Adipocyte","EBF1,G0S2,PLIN1,PLIN2,LPIN1,FOXO1,PPARG,ACSL1,ADIPOQ,GHR,EFHD2,KCNH7","Adipocytes"
5,0.25,"B cell_memory","CR2,CD24,FAS,CXCR3,CD1c,LOC100288208","B cells"
5,0.25,"Fibroblast","FN1,S100A4,FGF7,COL6A1,COL1A1,COL3A1,COL5A1,NEGR1,CCN2,FN1,DCN,SLIT2,COL6A6,HGF,COL18A1,IL6,IL33,IGFBP3,IGFBP5,COL1A2,DDR2,COL5A2,COL6A2,COL6A3,FBLN1,COL4A1,FBN1,VIM,LOC101928961,CD59,ZNF597,LOC105377104,SGSH,LOC100289561,COX7B","Fibroblasts"
5,0.25,"Luminal Epithelial","HES2,TFCP2L1,KLF5,SOX10,ELF5,SOX9,AFF3,KRT8,EPCAM,KIT,KRT18,ESR1,PGR,KRT7,PRLR,KRT19,MUC1,SCAND2P,LOC105376204,MIR145,OPRK1","Mammary epithelial cells"
5,0.25,"Lymphatic Endothelial","LYVE1,MMRN1,FLT4,RELN,CCL21,PROX1,LYVE1,SAGE3P","Lymphatic endothelial cells"
5,0.25,"Macrophage","MS4A4A,RBPJ,MS4A6A,MRC1,C1QA,MR1,LYVE1,CSF1R,PTPRC,SLC11A1,LYZ,CD74,CD36,MERTK,MSR1,CPM,MS4A6A,CD163,CD68,LOC107985853,CXXC1P1,MYG1,FBXW7","Macrophages"
5,0.25,"Mast Cell","TPSAB1,FCER1A,TPSB2,KIT,CD69,HDC,LOC107985876","Mast cells"
5,0.25,"Myoepithelial (Basal)","ACTA2,KRT14,KRT17,KRT5,MME,TP63,CALD1,MYH11,CYP4F45P,LINC02802","Myoepithelial cells"
5,0.25,"Pericyte","ACTA2,MYO1B,ACTA2,ANPEP,DES,MCAM,PDGFRB,CSPG4,SPINT2,LOC105369329","Pericytes"
5,0.25,"Smooth Muscle","CALD1,ACTA2,TAGLN,MYH11,MYOCD,SMTN,VCL,CNN1,ACTG2,MYL9,PALLD,GUCY1A3,GUCY1B3,ACTN1,DES,RN7SL357P,GAPDHP73,LOC100419639","Smooth muscle cells"
5,0.25,"T cell","CD96,PTPRC,CD247,SKAP1,THEMIS,CD69,IL7R,NKG7,TRAC,CD3D,CD3E,CD3G,TRBC1,URAHP,FAM227A,TRIM49C","T cells"
5,0.25,"Vascular Endothelial","LDB2,EGFL7,PECAM1,CDH5,VWF,PECAM1,RAMP3,CD300LG,BACE2,EPHB4,NOSTRIN,LDB2,PTPRB,CLDN5,LOC107984380,LOC123497926,LINC02605","Endothelial cells"
5,0.5,"Adipocyte","EBF1,G0S2,PLIN1,PLIN2,LPIN1,FOXO1,PPARG,ACSL1,ADIPOQ,GHR,KMT5AP2,MIR4497,LYPLAL1-AS1,LOC284379,BORCS8","Adipocytes"
5,0.5,"B cell_memory","CR2,CD24,FAS,CXCR3,CD1c,RPL31P55,MYO9B","B cells"
5,0.5,"Fibroblast","FN1,S100A4,FGF7,COL6A1,COL1A1,COL3A1,COL5A1,NEGR1,CCN2,FN1,DCN,SLIT2,COL6A6,HGF,COL18A1,IL6,IL33,IGFBP3,IGFBP5,COL1A2,DDR2,COL5A2,COL6A2,COL6A3,FBLN1,COL4A1,FBN1,VIM,ZNF395,AGPAT5,OLIG3,LOC105373430,SNORA67,LOC105375815,SNORA13,FLJ40288,LOC112935949,LINC01975,FGF16,BMPR2,LOC112939933,GOLGA2P9","Fibroblasts"
5,0.5,"Luminal Epithelial","HES2,TFCP2L1,KLF5,SOX10,ELF5,SOX9,AFF3,KRT8,EPCAM,KIT,KRT18,ESR1,PGR,KRT7,PRLR,KRT19,MUC1,LOC285804,MIR421,SLC10A5P1,LOC105375414,LOC105369781,ZNF470,GPC1-AS1,MIR4679-2","Luminal breast epithelial cells"
5,0.5,"Lymphatic Endothelial","LYVE1,MMRN1,FLT4,RELN,CCL21,PROX1,LYVE1,LOC112935979,MAPK8IP1P1,FOXA2","Lymphatic endothelial cells"
5,0.5,"Macrophage","MS4A4A,RBPJ,MS4A6A,MRC1,C1QA,MR1,LYVE1,CSF1R,PTPRC,SLC11A1,LYZ,CD74,CD36,MERTK,MSR1,CPM,MS4A6A,CD163,CD68,RNA5SP470,RN7SL87P,THPO,TRP-TGG3-5,MIR4520-1,DUX4L28,LOC105375034,LOC105371223,RGS4","Macrophages"
5,0.5,"Mast Cell","TPSAB1,FCER1A,TPSB2,KIT,CD69,HDC,RPL5P9,MTND4LP10,ACTBP15","Mast cells"
5,0.5,"Myoepithelial (Basal)","ACTA2,KRT14,KRT17,KRT5,MME,TP63,CALD1,MYH11,LINC02559,SNX27,UPK1A,ZNF20","Myoepithelial cells"
5,0.5,"Pericyte","ACTA2,MYO1B,ACTA2,ANPEP,DES,MCAM,PDGFRB,CSPG4,MIR7160,RNU6-1320P,LOC105378387,LOC121048723","Smooth muscle cells"
5,0.5,"Smooth Muscle","CALD1,ACTA2,TAGLN,MYH11,MYOCD,SMTN,VCL,CNN1,ACTG2,MYL9,PALLD,GUCY1A3,GUCY1B3,ACTN1,DES,TRQ-CTG12-1,PRICKLE4,RNU1-91P,MRPL48,DEPDC1P2,RPL3P2,MAFK","Smooth muscle cells"
5,0.5,"T cell","CD96,PTPRC,CD247,SKAP1,THEMIS,CD69,IL7R,NKG7,TRAC,CD3D,CD3E,CD3G,TRBC1,SF3B2,LOC105379127,LOC105371840,NLRP5,RNA5SP407,ADCK5","T cells"
5,0.5,"Vascular Endothelial","LDB2,EGFL7,PECAM1,CDH5,VWF,PECAM1,RAMP3,CD300LG,BACE2,EPHB4,NOSTRIN,LDB2,PTPRB,CLDN5,RHBG,CACNG2,SYNE1-AS1,HCN3,LOC105379052,MSD,PPP1R14D","Endothelial cells"
5,0.75,"Adipocyte","EBF1,G0S2,PLIN1,PLIN2,LPIN1,FOXO1,PPARG,ACSL1,ADIPOQ,GHR,LOC102724770,TSFM,PHC1,RNU6-419P,RNU6-599P,LOC116186904,LRRC61","Adipocytes"
5,0.75,"B cell_memory","CR2,CD24,FAS,CXCR3,CD1c,XCE,TJAP1,TRQ-CTG2-1","B cells"
5,0.75,"Fibroblast","FN1,S100A4,FGF7,COL6A1,COL1A1,COL3A1,COL5A1,NEGR1,CCN2,FN1,DCN,SLIT2,COL6A6,HGF,COL18A1,IL6,IL33,IGFBP3,IGFBP5,COL1A2,DDR2,COL5A2,COL6A2,COL6A3,FBLN1,COL4A1,FBN1,VIM,BRD9P1,LOC108228197,ZFP90,LOC101927446,STMN1P1,H2BC8,H1-7,NUP210P3,RPL21P88,LOC105373475,LOC112935963,LOC107985917,LOC111365186,LOC100420966,LOC123620082,RPL21P59,TNFRSF10C,AK7,TRA-AGC18-1,KBTBD7,LOC111365195","Fibroblasts"
5,0.75,"Luminal Epithelial","HES2,TFCP2L1,KLF5,SOX10,ELF5,SOX9,AFF3,KRT8,EPCAM,KIT,KRT18,ESR1,PGR,KRT7,PRLR,KRT19,MUC1,ELL2P2,LOC105374371,LOC105373262,CCL22,TRP-TGG3-1,RNU2-65P,ERVK-13,LOC105373771,HOMER3-AS1,TDH,PDCL,CTXN1","Breast Epithelial cells"
5,0.75,"Lymphatic Endothelial","LYVE1,MMRN1,FLT4,RELN,CCL21,PROX1,LYVE1,RNA5SP392,LOC121331309,MIA-RAB4B,CMKLR2-AS,UQCRFS1P2","Lymphatic Endothelial cells"
5,0.75,"Macrophage","MS4A4A,RBPJ,MS4A6A,MRC1,C1QA,MR1,LYVE1,CSF1R,PTPRC,SLC11A1,LYZ,CD74,CD36,MERTK,MSR1,CPM,MS4A6A,CD163,CD68,LOC101927468,LINC02284,LOC101929048,MYOCOS,LOC100418957,LOC105378562,SLC35G1,CCT7P1,IGHV3-23,LOC121587564,DNAAF11,LINC02135,FAM83B,LOC105375985","Macrophages"
5,0.75,"Mast Cell","TPSAB1,FCER1A,TPSB2,KIT,CD69,HDC,LOC113875028,ERVK-15,LOC105378009,LOC111674477","Mast cells"
5,0.75,"Myoepithelial (Basal)","ACTA2,KRT14,KRT17,KRT5,MME,TP63,CALD1,MYH11,MYL10,LOC105376015,NLRP5,MFF,SIGLEC25P,LINC02667","Epithelial cells and Smooth Muscle cells"
5,0.75,"Pericyte","ACTA2,MYO1B,ACTA2,ANPEP,DES,MCAM,PDGFRB,CSPG4,NF2,BNIP3P35,MIR370,LINC00113,LOC105373018,TRMT112P3","Smooth Muscle cells"
5,0.75,"Smooth Muscle","CALD1,ACTA2,TAGLN,MYH11,MYOCD,SMTN,VCL,CNN1,ACTG2,MYL9,PALLD,GUCY1A3,GUCY1B3,ACTN1,DES,RGS16,ASAH1,ADAM15,KRT27,GOLGA2P1,OR8A2P,LOC105370178,IQCM,LOC101060159,NFATC2,LOC122094906","Smooth Muscle cells"
5,0.75,"T cell","CD96,PTPRC,CD247,SKAP1,THEMIS,CD69,IL7R,NKG7,TRAC,CD3D,CD3E,CD3G,TRBC1,LOC111365143,OAP,LINC01449,RAD51-AS1,PPIAP91,KRT8P50,LINC01812,INPPL1,LOC105374595","T cells"
5,0.75,"Vascular Endothelial","LDB2,EGFL7,PECAM1,CDH5,VWF,PECAM1,RAMP3,CD300LG,BACE2,EPHB4,NOSTRIN,LDB2,PTPRB,CLDN5,PARG,LOC121832823,EMC9,LOC111413017,BPY2,UBXN7,LOC105374399,LOC105379107,UBE2V2P1,TPGS2","Endothelial cells"
5,1,"Adipocyte","EBF1,G0S2,PLIN1,PLIN2,LPIN1,FOXO1,PPARG,ACSL1,ADIPOQ,GHR,LINC02059,LOC100128494,LOC112841604,CAPZA1P2,RN7SL330P,ABHD17AP4,LOC105375427,LOC107985509,HPLH1,PROZ","Adipocytes"
5,1,"B cell_memory","CR2,CD24,FAS,CXCR3,CD1c,LOC107987379,LOC107985996,NPAP1P2,RNU6-1155P,IRS3P","B Cells"
5,1,"Fibroblast","FN1,S100A4,FGF7,COL6A1,COL1A1,COL3A1,COL5A1,NEGR1,CCN2,FN1,DCN,SLIT2,COL6A6,HGF,COL18A1,IL6,IL33,IGFBP3,IGFBP5,COL1A2,DDR2,COL5A2,COL6A2,COL6A3,FBLN1,COL4A1,FBN1,VIM,MTND1P27,TRS-GCT3-1,LOC107984611,SPRING1P1,LOC105375578,GAPDHP21,RPL13AP6,LOC124310594,LOC110120969,LOC111718491,LOC121740707,LOC107986064,ATP6V1FNB,GPRC5D-AS1,UBL4A,FRA11F,LOC105370188,ENPP2,LINC01122,SUCLA2P1,LOC105379192,LGALSL-DT,UTP18,INO80E,CAND1.11,C1QL1P1,GID4,CRYZL1","Fibroblasts"
5,1,"Luminal Epithelial","HES2,TFCP2L1,KLF5,SOX10,ELF5,SOX9,AFF3,KRT8,EPCAM,KIT,KRT18,ESR1,PGR,KRT7,PRLR,KRT19,MUC1,EPS15-AS1,RPL12P17,LOC112268311,RPS29P14,LOC107985679,FBXL17,LINC00467,LOC107984347,LOC100192388,FAM168A,MRPL35P4,SLC25A42,ZNF90P3,LOC105377967,LOC105375902,LOC105377364,LOC123256947","Mammary Epithelial cells"
5,1,"Lymphatic Endothelial","LYVE1,MMRN1,FLT4,RELN,CCL21,PROX1,LYVE1,LOC112267850,OMA1,GAR1-DT,LOC105373941,ISCA1P3,LOC105378460,EEF1A1P21","Lymphatic Endothelial Cells"
5,1,"Macrophage","MS4A4A,RBPJ,MS4A6A,MRC1,C1QA,MR1,LYVE1,CSF1R,PTPRC,SLC11A1,LYZ,CD74,CD36,MERTK,MSR1,CPM,MS4A6A,CD163,CD68,BRS3,SLC25A6P2,VDAC2P1,NUDT19P6,RNU6-474P,RNA18S5,UAQTL4,AARS1P1,DDIT4,LOC105370604,WAC,BTF3L4P1,LOC107325942,OR1N1,LOC123620084,MIR432,LOC107984546,LHX4,VN1R55P","Macrophages"
5,1,"Mast Cell","TPSAB1,FCER1A,TPSB2,KIT,CD69,HDC,LOC121627817,LOC121725030,RNA5SP536,IMP3,LOC112577559,LOC122056855","Mast Cells"
5,1,"Myoepithelial (Basal)","ACTA2,KRT14,KRT17,KRT5,MME,TP63,CALD1,MYH11,TRG-TCC4-1,HNF4GP1,LOC115945164,LINC02083,CH17-125A10.2,MTCO1P28,LOC105372901,ZACN","Myoepithelial Cells"
5,1,"Pericyte","ACTA2,MYO1B,ACTA2,ANPEP,DES,MCAM,PDGFRB,CSPG4,RNU6-1176P,SLURP1,LOC121331318,OVCH1,ZNF492,LOC110121367,TRIM32,VN1R38P","Pericytes"
5,1,"Smooth Muscle","CALD1,ACTA2,TAGLN,MYH11,MYOCD,SMTN,VCL,CNN1,ACTG2,MYL9,PALLD,GUCY1A3,GUCY1B3,ACTN1,DES,RNH1,KRT8,LOC100419045,LOC113174986,LCAL1,DOCK11,DMD-AS3,OPA8,LOC101409262,SEPTIN7P8,LOC107832855,LOC110120851,CHIC1,ARHGEF15,LOC105374445","Smooth Muscle Cells"
5,1,"T cell","CD96,PTPRC,CD247,SKAP1,THEMIS,CD69,IL7R,NKG7,TRAC,CD3D,CD3E,CD3G,TRBC1,LOC105372668,ABI1,RNU6-607P,OFC1,LOC105371481,SNORA80D,IGKV2OR2-8,LOC102724046,MTCL1,ARL4D,SNORA63E,LINC02253,LOC105370841","T Cells"
5,1,"Vascular Endothelial","LDB2,EGFL7,PECAM1,CDH5,VWF,PECAM1,RAMP3,CD300LG,BACE2,EPHB4,NOSTRIN,LDB2,PTPRB,CLDN5,IMPDH1P9,ZP2,MAPT,LOC107986306,MARCHF1,WEE2-AS1,SNORD107,GOSR2-DT,LOC121740687,RPL17P23,OR51V1,LOC122149487,USP9YP21,C9orf40","Endothelial Cells"
