"simuround","noise","gene","manual_annotation","manual_CLname","manual_CLID","manual_broadtype","gpt4aug3_annotation","gpt4aug3_CLname","gpt4aug3_CLID","gpt4aug3_broadtype","gpt4aug3_agreement"
1,0.25,"EBF1,G0S2,PLIN1,PLIN2,LPIN1,FOXO1,PPARG,ACSL1,ADIPOQ,GHR,MIR138-2,LOC112590819","Adipocyte","fat cell","CL:0000136","fat cell","Adipocytes","fat cell","CL:0000136","fat cell",1
1,0.25,"CR2,CD24,FAS,CXCR3,CD1c,LOC105370410","B cell_memory","memory B cell","CL:0000787","b cell","B cells","B cell","CL:0000236","b cell",0.5
1,0.25,"FN1,S100A4,FGF7,COL6A1,COL1A1,COL3A1,COL5A1,NEGR1,CCN2,FN1,DCN,SLIT2,COL6A6,HGF,COL18A1,IL6,IL33,IGFBP3,IGFBP5,COL1A2,DDR2,COL5A2,COL6A2,COL6A3,FBLN1,COL4A1,FBN1,VIM,DBR1,RPL7AP38,MTATP6P2,SELENOK,CARM1,F8A3,MRPS33P4","Fibroblast","fibroblast","CL:0000057","fibroblast","Fibroblasts","fibroblast","CL:0000057","fibroblast",1
1,0.25,"HES2,TFCP2L1,KLF5,SOX10,ELF5,SOX9,AFF3,KRT8,EPCAM,KIT,KRT18,ESR1,PGR,KRT7,PRLR,KRT19,MUC1,DDX49,LOC105371196,MTND1P30,LOC105373682","Luminal Epithelial",NA,NA,"epithelial cell","Breast Epithelial cells","mammary gland epithelial cell","CL:0002327","epithelial cell",0.5
1,0.25,"LYVE1,MMRN1,FLT4,RELN,CCL21,PROX1,LYVE1,TAGLN2","Lymphatic Endothelial","endothelial cell of lymphatic vessel","CL:0002138","endothelial cell","Lymphatic endothelial cells","endothelial cell of lymphatic vessel","CL:0002138","endothelial cell",1
1,0.25,"MS4A4A,RBPJ,MS4A6A,MRC1,C1QA,MR1,LYVE1,CSF1R,PTPRC,SLC11A1,LYZ,CD74,CD36,MERTK,MSR1,CPM,MS4A6A,CD163,CD68,ZNF836,ZNF677,LOC112267903,LOC121740722","Macrophage","macrophage","CL:0000235","macrophage/monocyte","Macrophages","macrophage","CL:0000235","macrophage/monocyte",1
1,0.25,"TPSAB1,FCER1A,TPSB2,KIT,CD69,HDC,COILP1","Mast Cell","mast cell","CL:0000097","granulocyte","Mast cells","mast cell","CL:0000097","granulocyte",1
1,0.25,"ACTA2,KRT14,KRT17,KRT5,MME,TP63,CALD1,MYH11,VTRNA1-2,TRIM13","Myoepithelial (Basal)","myoepithelial cell","CL:0000185","epithelial cell","Myoepithelial cells","myoepithelial cell","CL:0000185","epithelial cell",1
1,0.25,"ACTA2,MYO1B,ACTA2,ANPEP,DES,MCAM,PDGFRB,CSPG4,SIRT5,NT5E","Pericyte","pericyte","CL:0000669","pericyte","Smooth Muscle cells","smooth muscle cell","CL:0000192","muscle cell",0
1,0.25,"CALD1,ACTA2,TAGLN,MYH11,MYOCD,SMTN,VCL,CNN1,ACTG2,MYL9,PALLD,GUCY1A3,GUCY1B3,ACTN1,DES,COX6CP14,GOLGA6L10,TRMT11","Smooth Muscle","smooth muscle cell","CL:0000192","muscle cell","Smooth Muscle cells","smooth muscle cell","CL:0000192","muscle cell",1
1,0.25,"CD96,PTPRC,CD247,SKAP1,THEMIS,CD69,IL7R,NKG7,TRAC,CD3D,CD3E,CD3G,TRBC1,TRL-CAG1-1,LOC101901829,SAP30-DT","T cell","T cell","CL:0000084","t/nk cell","T cells","T cell","CL:0000084","t/nk cell",1
1,0.25,"LDB2,EGFL7,PECAM1,CDH5,VWF,PECAM1,RAMP3,CD300LG,BACE2,EPHB4,NOSTRIN,LDB2,PTPRB,CLDN5,RFPL4AL1,ARHGEF3,ISY1","Vascular Endothelial","endothelial cell of vascular tree","CL:0002139","endothelial cell","Endothelial cells","endothelial cell","CL:0000115","endothelial cell",0.5
1,0.5,"EBF1,G0S2,PLIN1,PLIN2,LPIN1,FOXO1,PPARG,ACSL1,ADIPOQ,GHR,XCL1,DNAJA1P5,LOC100130044,LOC110120608,KNOP1P5","Adipocyte","fat cell","CL:0000136","fat cell","Adipocytes","fat cell","CL:0000136","fat cell",1
1,0.5,"CR2,CD24,FAS,CXCR3,CD1c,LIPT1,LOC112268123","B cell_memory","memory B cell","CL:0000787","b cell","B cells","B cell","CL:0000236","b cell",0.5
1,0.5,"FN1,S100A4,FGF7,COL6A1,COL1A1,COL3A1,COL5A1,NEGR1,CCN2,FN1,DCN,SLIT2,COL6A6,HGF,COL18A1,IL6,IL33,IGFBP3,IGFBP5,COL1A2,DDR2,COL5A2,COL6A2,COL6A3,FBLN1,COL4A1,FBN1,VIM,RNU11-6P,FAM86FP,TERF1P1,LOC107986297,LOC112268147,HIGD1AP15,CYP2W1,CCDC148-AS1,LOC115945147,LOC107986289,C6orf47-AS1,TTC39C,MTHFD2,SUPT3H","Fibroblast","fibroblast","CL:0000057","fibroblast","Fibroblasts","fibroblast","CL:0000057","fibroblast",1
1,0.5,"HES2,TFCP2L1,KLF5,SOX10,ELF5,SOX9,AFF3,KRT8,EPCAM,KIT,KRT18,ESR1,PGR,KRT7,PRLR,KRT19,MUC1,LOC121331342,LINC02052,LOC121627825,LOC107987411,YWHAQ,MIR6832,LOC105373369,KHNYN","Luminal Epithelial",NA,NA,"epithelial cell","Luminal Epithelial Cells",NA,NA,"epithelial cell",0.5
1,0.5,"LYVE1,MMRN1,FLT4,RELN,CCL21,PROX1,LYVE1,ANKRA2,DEPP1,LOC121009656","Lymphatic Endothelial","endothelial cell of lymphatic vessel","CL:0002138","endothelial cell","Lymphatic Endothelial Cells","endothelial cell of lymphatic vessel","CL:0002138","endothelial cell",1
1,0.5,"MS4A4A,RBPJ,MS4A6A,MRC1,C1QA,MR1,LYVE1,CSF1R,PTPRC,SLC11A1,LYZ,CD74,CD36,MERTK,MSR1,CPM,MS4A6A,CD163,CD68,LOC116276446,PPIAP32,KCNAB3,LOC116309146,RN7SL425P,TRAV9-2,ERVK-31,NTMT1,UBR7","Macrophage","macrophage","CL:0000235","macrophage/monocyte","M2 Macrophages","alternatively activated macrophage","CL:0000890","macrophage/monocyte",0.5
1,0.5,"TPSAB1,FCER1A,TPSB2,KIT,CD69,HDC,MIR210,EBNA1BP2,ZNF133-AS1","Mast Cell","mast cell","CL:0000097","granulocyte","Mast Cells","mast cell","CL:0000097","granulocyte",1
1,0.5,"ACTA2,KRT14,KRT17,KRT5,MME,TP63,CALD1,MYH11,USP7,UBE2V1P9,LOC123620092,PNMA8A","Myoepithelial (Basal)","myoepithelial cell","CL:0000185","epithelial cell","Myoepithelial Cells","myoepithelial cell","CL:0000185","epithelial cell",1
1,0.5,"ACTA2,MYO1B,ACTA2,ANPEP,DES,MCAM,PDGFRB,CSPG4,LOC105376318,BCDIN3D-AS1,OR2AT2P,LOC101929759","Pericyte","pericyte","CL:0000669","pericyte","Pericytes","pericyte","CL:0000669","pericyte",1
1,0.5,"CALD1,ACTA2,TAGLN,MYH11,MYOCD,SMTN,VCL,CNN1,ACTG2,MYL9,PALLD,GUCY1A3,GUCY1B3,ACTN1,DES,TAS2R33,LOC121627838,ZNF836,LINC01567,NRBP1,PIN1,SNORD92","Smooth Muscle","smooth muscle cell","CL:0000192","muscle cell","Smooth Muscle Cells","smooth muscle cell","CL:0000192","muscle cell",1
1,0.5,"CD96,PTPRC,CD247,SKAP1,THEMIS,CD69,IL7R,NKG7,TRAC,CD3D,CD3E,CD3G,TRBC1,SSTR5-AS1,ST14,CDCA4P4,FMN1,RALYL,LINC02312","T cell","T cell","CL:0000084","t/nk cell","T Cells","T cell","CL:0000084","t/nk cell",1
1,0.5,"LDB2,EGFL7,PECAM1,CDH5,VWF,PECAM1,RAMP3,CD300LG,BACE2,EPHB4,NOSTRIN,LDB2,PTPRB,CLDN5,MIR4472-1,MIR640,RPS29P26,LOC122861294,MYCBPAP,LOC121838582,RHOQ","Vascular Endothelial","endothelial cell of vascular tree","CL:0002139","endothelial cell","Endothelial Cells","endothelial cell","CL:0000115","endothelial cell",0.5
1,0.75,"EBF1,G0S2,PLIN1,PLIN2,LPIN1,FOXO1,PPARG,ACSL1,ADIPOQ,GHR,RPL13P12,TAS2R19,BRI3,ATAD2B,LOC112268318,LOC105376686,LOC120893119","Adipocyte","fat cell","CL:0000136","fat cell","Adipocytes","fat cell","CL:0000136","fat cell",1
1,0.75,"CR2,CD24,FAS,CXCR3,CD1c,RPS15P3,LOC107984824,PABPC1L2B","B cell_memory","memory B cell","CL:0000787","b cell","B Cells","B cell","CL:0000236","b cell",0.5
1,0.75,"FN1,S100A4,FGF7,COL6A1,COL1A1,COL3A1,COL5A1,NEGR1,CCN2,FN1,DCN,SLIT2,COL6A6,HGF,COL18A1,IL6,IL33,IGFBP3,IGFBP5,COL1A2,DDR2,COL5A2,COL6A2,COL6A3,FBLN1,COL4A1,FBN1,VIM,LOC116268460,TNFRSF10A-AS1,RGS2,PPFIA1P1,RPL23AP94,PTPRK,CLEC2D,LOC123493289,PMS2P5,SLC2A3P1,LOC119369029,TRDJ1,LRMDA,SNORD116-4,LOC105373602,LOC121201615,SDHDP1,LOC124310567,ZNF277,TBC1D22A-DT,TRBJ1-5","Fibroblast","fibroblast","CL:0000057","fibroblast","Fibroblasts","fibroblast","CL:0000057","fibroblast",1
1,0.75,"HES2,TFCP2L1,KLF5,SOX10,ELF5,SOX9,AFF3,KRT8,EPCAM,KIT,KRT18,ESR1,PGR,KRT7,PRLR,KRT19,MUC1,LOC100419553,LOC105373223,LINC02304,LOC122056888,LOC107987016,KCNJ18,LOC105377176,FAM20A,USP9YP6,LOC105375251,TCFL5,RN7SKP112","Luminal Epithelial",NA,NA,"epithelial cell","Mammary Epithelial Cells","mammary gland epithelial cell","CL:0002327","epithelial cell",0.5
1,0.75,"LYVE1,MMRN1,FLT4,RELN,CCL21,PROX1,LYVE1,LOC123864083,IGHE,MRPS36P4,PENK-AS1,SECISBP2L","Lymphatic Endothelial","endothelial cell of lymphatic vessel","CL:0002138","endothelial cell","Lymphatic Endothelial Cells","endothelial cell of lymphatic vessel","CL:0002138","endothelial cell",1
1,0.75,"MS4A4A,RBPJ,MS4A6A,MRC1,C1QA,MR1,LYVE1,CSF1R,PTPRC,SLC11A1,LYZ,CD74,CD36,MERTK,MSR1,CPM,MS4A6A,CD163,CD68,LOC105377623,TRIOBP,LOC105377503,LOC105374016,LOC102724937,SNORD93,GPR36,LSP1P4,ING5,CMTS,LOC100286922,LOC116158507,LOC122756375,LOC642414","Macrophage","macrophage","CL:0000235","macrophage/monocyte","Macrophages","macrophage","CL:0000235","macrophage/monocyte",1
1,0.75,"TPSAB1,FCER1A,TPSB2,KIT,CD69,HDC,TBPL2,MIR4297,NFATC3,PRDM12","Mast Cell","mast cell","CL:0000097","granulocyte","Mast Cells","mast cell","CL:0000097","granulocyte",1
1,0.75,"ACTA2,KRT14,KRT17,KRT5,MME,TP63,CALD1,MYH11,PPM1E,LOC101929326,LOC102723561,MFSD13B,LINC00537,CPXM1","Myoepithelial (Basal)","myoepithelial cell","CL:0000185","epithelial cell","Basal Cells","basal cell","CL:0000646","stem cell",0
1,0.75,"ACTA2,MYO1B,ACTA2,ANPEP,DES,MCAM,PDGFRB,CSPG4,LOC107986488,LOC110120789,RNU1-36P,UBE2D3P3,LOC105371501,ZEB2P1","Pericyte","pericyte","CL:0000669","pericyte","Pericytes","pericyte","CL:0000669","pericyte",1
1,0.75,"CALD1,ACTA2,TAGLN,MYH11,MYOCD,SMTN,VCL,CNN1,ACTG2,MYL9,PALLD,GUCY1A3,GUCY1B3,ACTN1,DES,LYPD2,MIR1304,LOC113788279,FL1,BWQTL4,IGKV3D-11,RNU2-1,MARK2P11,AUTS12,CYP2C60P,DFNB27","Smooth Muscle","smooth muscle cell","CL:0000192","muscle cell","Smooth Muscle Cells","smooth muscle cell","CL:0000192","muscle cell",1
1,0.75,"CD96,PTPRC,CD247,SKAP1,THEMIS,CD69,IL7R,NKG7,TRAC,CD3D,CD3E,CD3G,TRBC1,LINC02966,MDK,CRPPA-AS1,MAN2A1,SPTSSA,IFNA16,SLC25A38P1,LOC105371970,LOC112469009","T cell","T cell","CL:0000084","t/nk cell","T Cells","T cell","CL:0000084","t/nk cell",1
1,0.75,"LDB2,EGFL7,PECAM1,CDH5,VWF,PECAM1,RAMP3,CD300LG,BACE2,EPHB4,NOSTRIN,LDB2,PTPRB,CLDN5,BOD1P2,DISC2,TRAV15,LOC105375202,LOC123956164,LINC02510,SRXY10,TRX-CAT1-1,RBMY1F,NEXN-AS1","Vascular Endothelial","endothelial cell of vascular tree","CL:0002139","endothelial cell","Endothelial Cells","endothelial cell","CL:0000115","endothelial cell",0.5
2,0.25,"EBF1,G0S2,PLIN1,PLIN2,LPIN1,FOXO1,PPARG,ACSL1,ADIPOQ,GHR,LOC105371967,LOC100129144","Adipocyte","fat cell","CL:0000136","fat cell","Adipocytes","fat cell","CL:0000136","fat cell",1
2,0.25,"CR2,CD24,FAS,CXCR3,CD1c,C4orf46","B cell_memory","memory B cell","CL:0000787","b cell","B cells","B cell","CL:0000236","b cell",0.5
2,0.25,"FN1,S100A4,FGF7,COL6A1,COL1A1,COL3A1,COL5A1,NEGR1,CCN2,FN1,DCN,SLIT2,COL6A6,HGF,COL18A1,IL6,IL33,IGFBP3,IGFBP5,COL1A2,DDR2,COL5A2,COL6A2,COL6A3,FBLN1,COL4A1,FBN1,VIM,LOC107986202,TNIK,LOC107985536,ERCC6L2-AS1,LOC105376017,OST4,LOC110120918","Fibroblast","fibroblast","CL:0000057","fibroblast","Fibroblasts","fibroblast","CL:0000057","fibroblast",1
2,0.25,"HES2,TFCP2L1,KLF5,SOX10,ELF5,SOX9,AFF3,KRT8,EPCAM,KIT,KRT18,ESR1,PGR,KRT7,PRLR,KRT19,MUC1,TRDV1,LOC111365145,NIFKP6,LOC110121263","Luminal Epithelial",NA,NA,"epithelial cell","Breast epithelial cells","mammary gland epithelial cell","CL:0002327","epithelial cell",0.5
2,0.25,"LYVE1,MMRN1,FLT4,RELN,CCL21,PROX1,LYVE1,SLC25A5P5","Lymphatic Endothelial","endothelial cell of lymphatic vessel","CL:0002138","endothelial cell","Lymphatic endothelial cells","endothelial cell of lymphatic vessel","CL:0002138","endothelial cell",1
2,0.25,"MS4A4A,RBPJ,MS4A6A,MRC1,C1QA,MR1,LYVE1,CSF1R,PTPRC,SLC11A1,LYZ,CD74,CD36,MERTK,MSR1,CPM,MS4A6A,CD163,CD68,LOC101928217,LOC107986444,PSORS10,PA2G4P6","Macrophage","macrophage","CL:0000235","macrophage/monocyte","Macrophages","macrophage","CL:0000235","macrophage/monocyte",1
2,0.25,"TPSAB1,FCER1A,TPSB2,KIT,CD69,HDC,SCGB1C1","Mast Cell","mast cell","CL:0000097","granulocyte","Mast cells","mast cell","CL:0000097","granulocyte",1
2,0.25,"ACTA2,KRT14,KRT17,KRT5,MME,TP63,CALD1,MYH11,RAB13,CLASRP","Myoepithelial (Basal)","myoepithelial cell","CL:0000185","epithelial cell","Basal cells","basal cell","CL:0000646","stem cell",0
2,0.25,"ACTA2,MYO1B,ACTA2,ANPEP,DES,MCAM,PDGFRB,CSPG4,LINC02402,AMD1","Pericyte","pericyte","CL:0000669","pericyte","Pericytes","pericyte","CL:0000669","pericyte",1
2,0.25,"CALD1,ACTA2,TAGLN,MYH11,MYOCD,SMTN,VCL,CNN1,ACTG2,MYL9,PALLD,GUCY1A3,GUCY1B3,ACTN1,DES,LOC111365166,GOLGA8J,TRD-GTC2-10","Smooth Muscle","smooth muscle cell","CL:0000192","muscle cell","Smooth muscle cells","smooth muscle cell","CL:0000192","muscle cell",1
2,0.25,"CD96,PTPRC,CD247,SKAP1,THEMIS,CD69,IL7R,NKG7,TRAC,CD3D,CD3E,CD3G,TRBC1,KCTD10,LOC107987006,LOC122757935","T cell","T cell","CL:0000084","t/nk cell","T cells","T cell","CL:0000084","t/nk cell",1
2,0.25,"LDB2,EGFL7,PECAM1,CDH5,VWF,PECAM1,RAMP3,CD300LG,BACE2,EPHB4,NOSTRIN,LDB2,PTPRB,CLDN5,RNU6-699P,LOC110120930,OR3B1P","Vascular Endothelial","endothelial cell of vascular tree","CL:0002139","endothelial cell","Endothelial cells","endothelial cell","CL:0000115","endothelial cell",0.5
2,0.5,"EBF1,G0S2,PLIN1,PLIN2,LPIN1,FOXO1,PPARG,ACSL1,ADIPOQ,GHR,MTND2P12,LOC107984774,LOC123477728,CDC37,LOC113175002","Adipocyte","fat cell","CL:0000136","fat cell","Adipocytes","fat cell","CL:0000136","fat cell",1
2,0.5,"CR2,CD24,FAS,CXCR3,CD1c,ARNTL2-AS1,MIR941-2","B cell_memory","memory B cell","CL:0000787","b cell","B cells","B cell","CL:0000236","b cell",0.5
2,0.5,"FN1,S100A4,FGF7,COL6A1,COL1A1,COL3A1,COL5A1,NEGR1,CCN2,FN1,DCN,SLIT2,COL6A6,HGF,COL18A1,IL6,IL33,IGFBP3,IGFBP5,COL1A2,DDR2,COL5A2,COL6A2,COL6A3,FBLN1,COL4A1,FBN1,VIM,MTND4LP30,RFTN1,C19orf12,SDHA,MIR9718,LOC105374513,LOC112267948,LINC02853,NPRL3,LOC110121325,LOC116309161,RN7SL719P,TYROBP,GPR4","Fibroblast","fibroblast","CL:0000057","fibroblast","Fibroblasts","fibroblast","CL:0000057","fibroblast",1
2,0.5,"HES2,TFCP2L1,KLF5,SOX10,ELF5,SOX9,AFF3,KRT8,EPCAM,KIT,KRT18,ESR1,PGR,KRT7,PRLR,KRT19,MUC1,RN7SKP203,OR2B3,LOC112577452,NDUFA5P1,H2BP2,COX6B2,LOC121627857,MIR4310","Luminal Epithelial",NA,NA,"epithelial cell","Breast epithelial cells","mammary gland epithelial cell","CL:0002327","epithelial cell",0.5
2,0.5,"LYVE1,MMRN1,FLT4,RELN,CCL21,PROX1,LYVE1,LOC111365183,LOC105374841,CTDSPL","Lymphatic Endothelial","endothelial cell of lymphatic vessel","CL:0002138","endothelial cell","Lymphatic endothelial cells","endothelial cell of lymphatic vessel","CL:0002138","endothelial cell",1
2,0.5,"MS4A4A,RBPJ,MS4A6A,MRC1,C1QA,MR1,LYVE1,CSF1R,PTPRC,SLC11A1,LYZ,CD74,CD36,MERTK,MSR1,CPM,MS4A6A,CD163,CD68,LOC107985358,LOC110120848,LOC122149333,RNA5SP399,H2AJ,CERS4,NKG7,LOC105373570,ADGRG4","Macrophage","macrophage","CL:0000235","macrophage/monocyte","Macrophages","macrophage","CL:0000235","macrophage/monocyte",1
2,0.5,"TPSAB1,FCER1A,TPSB2,KIT,CD69,HDC,ZNF682,TRGVB,DYZ1L16","Mast Cell","mast cell","CL:0000097","granulocyte","Mast cells","mast cell","CL:0000097","granulocyte",1
2,0.5,"ACTA2,KRT14,KRT17,KRT5,MME,TP63,CALD1,MYH11,PTLS,LOC121852981,MTCO3P16,LOC105374094","Myoepithelial (Basal)","myoepithelial cell","CL:0000185","epithelial cell","Epithelial cells","epithelial cell","CL:0000066","epithelial cell",0.5
2,0.5,"ACTA2,MYO1B,ACTA2,ANPEP,DES,MCAM,PDGFRB,CSPG4,LOC112268053,HNRNPA1P52,GINS3,SNORD114-7","Pericyte","pericyte","CL:0000669","pericyte","Smooth muscle cells","smooth muscle cell","CL:0000192","muscle cell",0
2,0.5,"CALD1,ACTA2,TAGLN,MYH11,MYOCD,SMTN,VCL,CNN1,ACTG2,MYL9,PALLD,GUCY1A3,GUCY1B3,ACTN1,DES,PIRC27,SPINK9,TET1P1,GKAP1,DNAJC1,ABCA11P,IL27RA","Smooth Muscle","smooth muscle cell","CL:0000192","muscle cell","Myocytes","muscle cell","CL:0000187","muscle cell",0.5
2,0.5,"CD96,PTPRC,CD247,SKAP1,THEMIS,CD69,IL7R,NKG7,TRAC,CD3D,CD3E,CD3G,TRBC1,NDFIP2,RPS15AP21,ZNF107,C9orf57,KCTD9P1,LOC121848002","T cell","T cell","CL:0000084","t/nk cell","T-cells","T cell","CL:0000084","t/nk cell",1
2,0.5,"LDB2,EGFL7,PECAM1,CDH5,VWF,PECAM1,RAMP3,CD300LG,BACE2,EPHB4,NOSTRIN,LDB2,PTPRB,CLDN5,SHCBP1,RN7SKP5,LRRC3-DT,PSAPL1,LOC105375484,LOC107984276,ELOCP6","Vascular Endothelial","endothelial cell of vascular tree","CL:0002139","endothelial cell","Endothelial cells","endothelial cell","CL:0000115","endothelial cell",0.5
2,0.75,"EBF1,G0S2,PLIN1,PLIN2,LPIN1,FOXO1,PPARG,ACSL1,ADIPOQ,GHR,LOC110121144,POLR2G,LIME1,LOC108281147,GNAS,HHIPL1,LOC101059986","Adipocyte","fat cell","CL:0000136","fat cell","Adipocytes","fat cell","CL:0000136","fat cell",1
2,0.75,"CR2,CD24,FAS,CXCR3,CD1c,ALG1L12P,H2AW,PPIL4","B cell_memory","memory B cell","CL:0000787","b cell","B cells","B cell","CL:0000236","b cell",0.5
2,0.75,"FN1,S100A4,FGF7,COL6A1,COL1A1,COL3A1,COL5A1,NEGR1,CCN2,FN1,DCN,SLIT2,COL6A6,HGF,COL18A1,IL6,IL33,IGFBP3,IGFBP5,COL1A2,DDR2,COL5A2,COL6A2,COL6A3,FBLN1,COL4A1,FBN1,VIM,MTND2P24,RNU1-27P,KTCN4,RNU6-3P,LOC100124402,RPL23A,ATP5MFP4,LOC124225052,SLC6A9,LOC123881371,MIR6731,BNIPL,MTATP8P3,GAPDHP35,LOC121967061,ADHD6,RN7SL172P,PLAC8L1,SGO1,SGCA,FBXO17","Fibroblast","fibroblast","CL:0000057","fibroblast","Fibroblasts","fibroblast","CL:0000057","fibroblast",1
2,0.75,"HES2,TFCP2L1,KLF5,SOX10,ELF5,SOX9,AFF3,KRT8,EPCAM,KIT,KRT18,ESR1,PGR,KRT7,PRLR,KRT19,MUC1,LOC116186931,ZFP2,CFL1P3,ACO1,LOC107985475,LOC105375553,LCE5A,LINC00460,TRAJ11,LOC108254694,RNU2-49P,ZRANB3","Luminal Epithelial",NA,NA,"epithelial cell","Epithelial cells","epithelial cell","CL:0000066","epithelial cell",0.5
2,0.75,"LYVE1,MMRN1,FLT4,RELN,CCL21,PROX1,LYVE1,FLJ25758,LOC121967050,CDH12P3,STAT1,TRS-GCT2-1","Lymphatic Endothelial","endothelial cell of lymphatic vessel","CL:0002138","endothelial cell","Lymphatic endothelial cells","endothelial cell of lymphatic vessel","CL:0002138","endothelial cell",1
2,0.75,"MS4A4A,RBPJ,MS4A6A,MRC1,C1QA,MR1,LYVE1,CSF1R,PTPRC,SLC11A1,LYZ,CD74,CD36,MERTK,MSR1,CPM,MS4A6A,CD163,CD68,LOC100996699,DAB1-AS1,EIF4EBP1,CAMK2A,LOC105377413,ABCD3,LYPD2,RPRD1B,TUBGCP4,PCP2,PPIAP48,LOC112268053,LINC00331,LINC02737","Macrophage","macrophage","CL:0000235","macrophage/monocyte","Macrophages","macrophage","CL:0000235","macrophage/monocyte",1
2,0.75,"TPSAB1,FCER1A,TPSB2,KIT,CD69,HDC,EDIL3,LOC123477778,DQX1,SPINK9","Mast Cell","mast cell","CL:0000097","granulocyte","Mast cells","mast cell","CL:0000097","granulocyte",1
2,0.75,"ACTA2,KRT14,KRT17,KRT5,MME,TP63,CALD1,MYH11,LOC107986412,LDHB,LINC02409,CA2,RN7SKP88,RAB44","Myoepithelial (Basal)","myoepithelial cell","CL:0000185","epithelial cell","Basal cells","basal cell","CL:0000646","stem cell",0
2,0.75,"ACTA2,MYO1B,ACTA2,ANPEP,DES,MCAM,PDGFRB,CSPG4,TRAJ38,RPL7AP66,B4GALT3,PKP4,RNU6-46P,LOC100419781","Pericyte","pericyte","CL:0000669","pericyte","Pericytes","pericyte","CL:0000669","pericyte",1
2,0.75,"CALD1,ACTA2,TAGLN,MYH11,MYOCD,SMTN,VCL,CNN1,ACTG2,MYL9,PALLD,GUCY1A3,GUCY1B3,ACTN1,DES,UIMC1,TRIM43B,LOC121815952,ERVK-30,MIR3974,MIR4749,RNU6-567P,LOC112939932,GPC5,FCP1,LOC105373430","Smooth Muscle","smooth muscle cell","CL:0000192","muscle cell","Smooth muscle cells","smooth muscle cell","CL:0000192","muscle cell",1
2,0.75,"CD96,PTPRC,CD247,SKAP1,THEMIS,CD69,IL7R,NKG7,TRAC,CD3D,CD3E,CD3G,TRBC1,CDK5R2,LOC105373258,LOC342443,ARLNC1,HNRNPL,SFXN2,LOC105375673,SEC31A,LOC107986477","T cell","T cell","CL:0000084","t/nk cell","T cells","T cell","CL:0000084","t/nk cell",1
2,0.75,"LDB2,EGFL7,PECAM1,CDH5,VWF,PECAM1,RAMP3,CD300LG,BACE2,EPHB4,NOSTRIN,LDB2,PTPRB,CLDN5,CPHL1P,WDR48,LINC00656,FRA13D,OTUB2,LOC112694716,LOC105374949,LOC123497960,LOC113939968,LOC112533647","Vascular Endothelial","endothelial cell of vascular tree","CL:0002139","endothelial cell","Endothelial cells","endothelial cell","CL:0000115","endothelial cell",0.5
3,0.25,"EBF1,G0S2,PLIN1,PLIN2,LPIN1,FOXO1,PPARG,ACSL1,ADIPOQ,GHR,LOC101928636,SNORD13D","Adipocyte","fat cell","CL:0000136","fat cell","Adipocytes","fat cell","CL:0000136","fat cell",1
3,0.25,"CR2,CD24,FAS,CXCR3,CD1c,PARP4P2","B cell_memory","memory B cell","CL:0000787","b cell","B cells","B cell","CL:0000236","b cell",0.5
3,0.25,"FN1,S100A4,FGF7,COL6A1,COL1A1,COL3A1,COL5A1,NEGR1,CCN2,FN1,DCN,SLIT2,COL6A6,HGF,COL18A1,IL6,IL33,IGFBP3,IGFBP5,COL1A2,DDR2,COL5A2,COL6A2,COL6A3,FBLN1,COL4A1,FBN1,VIM,PINX1-DT,ZNF565,HIPK1-AS1,KIF21A,CNTNAP3P3,LOC644462,FTH1P21","Fibroblast","fibroblast","CL:0000057","fibroblast","Fibroblasts","fibroblast","CL:0000057","fibroblast",1
3,0.25,"HES2,TFCP2L1,KLF5,SOX10,ELF5,SOX9,AFF3,KRT8,EPCAM,KIT,KRT18,ESR1,PGR,KRT7,PRLR,KRT19,MUC1,ZBTB7C-AS1,PYY,RNU4-84P,MGAT2P1","Luminal Epithelial",NA,NA,"epithelial cell","Breast epithelial cells","mammary gland epithelial cell","CL:0002327","epithelial cell",0.5
3,0.25,"LYVE1,MMRN1,FLT4,RELN,CCL21,PROX1,LYVE1,MYO1F","Lymphatic Endothelial","endothelial cell of lymphatic vessel","CL:0002138","endothelial cell","Lymphatic endothelial cells","endothelial cell of lymphatic vessel","CL:0002138","endothelial cell",1
3,0.25,"MS4A4A,RBPJ,MS4A6A,MRC1,C1QA,MR1,LYVE1,CSF1R,PTPRC,SLC11A1,LYZ,CD74,CD36,MERTK,MSR1,CPM,MS4A6A,CD163,CD68,LOC105375876,PGK1P1,RNU7-116P,PIF1","Macrophage","macrophage","CL:0000235","macrophage/monocyte","Macrophages","macrophage","CL:0000235","macrophage/monocyte",1
3,0.25,"TPSAB1,FCER1A,TPSB2,KIT,CD69,HDC,RPL9P30","Mast Cell","mast cell","CL:0000097","granulocyte","Mast cells","mast cell","CL:0000097","granulocyte",1
3,0.25,"ACTA2,KRT14,KRT17,KRT5,MME,TP63,CALD1,MYH11,SGCA,MFAP3","Myoepithelial (Basal)","myoepithelial cell","CL:0000185","epithelial cell","Epithelial cells","epithelial cell","CL:0000066","epithelial cell",0.5
3,0.25,"ACTA2,MYO1B,ACTA2,ANPEP,DES,MCAM,PDGFRB,CSPG4,MMRFCGU,RN7SL261P","Pericyte","pericyte","CL:0000669","pericyte","Pericytes","pericyte","CL:0000669","pericyte",1
3,0.25,"CALD1,ACTA2,TAGLN,MYH11,MYOCD,SMTN,VCL,CNN1,ACTG2,MYL9,PALLD,GUCY1A3,GUCY1B3,ACTN1,DES,TRT-TGT2-1,TRV-CAC11-1,BRDTP1","Smooth Muscle","smooth muscle cell","CL:0000192","muscle cell","Smooth muscle cells","smooth muscle cell","CL:0000192","muscle cell",1
3,0.25,"CD96,PTPRC,CD247,SKAP1,THEMIS,CD69,IL7R,NKG7,TRAC,CD3D,CD3E,CD3G,TRBC1,OR4K13,CASC3,LOC116268467","T cell","T cell","CL:0000084","t/nk cell","T cells","T cell","CL:0000084","t/nk cell",1
3,0.25,"LDB2,EGFL7,PECAM1,CDH5,VWF,PECAM1,RAMP3,CD300LG,BACE2,EPHB4,NOSTRIN,LDB2,PTPRB,CLDN5,GNAS-AS1,CTAGE12P,BCDIN3D","Vascular Endothelial","endothelial cell of vascular tree","CL:0002139","endothelial cell","Endothelial cells","endothelial cell","CL:0000115","endothelial cell",0.5
3,0.5,"EBF1,G0S2,PLIN1,PLIN2,LPIN1,FOXO1,PPARG,ACSL1,ADIPOQ,GHR,LOC124433244,CCL15-CCL14,HNRNPMP2,STAT1,ACAP3","Adipocyte","fat cell","CL:0000136","fat cell","Adipocytes","fat cell","CL:0000136","fat cell",1
3,0.5,"CR2,CD24,FAS,CXCR3,CD1c,RPS11P2,HINT3","B cell_memory","memory B cell","CL:0000787","b cell","B cells","B cell","CL:0000236","b cell",0.5
3,0.5,"FN1,S100A4,FGF7,COL6A1,COL1A1,COL3A1,COL5A1,NEGR1,CCN2,FN1,DCN,SLIT2,COL6A6,HGF,COL18A1,IL6,IL33,IGFBP3,IGFBP5,COL1A2,DDR2,COL5A2,COL6A2,COL6A3,FBLN1,COL4A1,FBN1,VIM,TRA-AGC11-1,AMPD3,GMFG,LY6L,MIR4290HG,RNU1-33P,LOC107984442,LOC107985927,LOC105371813,NPEPPS,LINC02799,B4GALT1,EEF1E1,STK33","Fibroblast","fibroblast","CL:0000057","fibroblast","Fibroblasts","fibroblast","CL:0000057","fibroblast",1
3,0.5,"HES2,TFCP2L1,KLF5,SOX10,ELF5,SOX9,AFF3,KRT8,EPCAM,KIT,KRT18,ESR1,PGR,KRT7,PRLR,KRT19,MUC1,SERTM1,KYAT1,bA255A11.4,KRT18P45,LOC121587571,LOC107985157,LOC121331324,LINC02646","Luminal Epithelial",NA,NA,"epithelial cell","Luminal epithelial cells",NA,NA,"epithelial cell",0.5
3,0.5,"LYVE1,MMRN1,FLT4,RELN,CCL21,PROX1,LYVE1,LOC110120815,RNA5SP281,LOC120807610","Lymphatic Endothelial","endothelial cell of lymphatic vessel","CL:0002138","endothelial cell","Lymphatic endothelial cells","endothelial cell of lymphatic vessel","CL:0002138","endothelial cell",1
3,0.5,"MS4A4A,RBPJ,MS4A6A,MRC1,C1QA,MR1,LYVE1,CSF1R,PTPRC,SLC11A1,LYZ,CD74,CD36,MERTK,MSR1,CPM,MS4A6A,CD163,CD68,NIFKP4,HMGN2P48,MTTP,MSL3,TRN-GTT2-3,CCNA2,CYP4F11,RN7SKP111,MTMR11","Macrophage","macrophage","CL:0000235","macrophage/monocyte","Macrophages","macrophage","CL:0000235","macrophage/monocyte",1
3,0.5,"TPSAB1,FCER1A,TPSB2,KIT,CD69,HDC,LOC109461484,RNU6-777P,LOC105374211","Mast Cell","mast cell","CL:0000097","granulocyte","Mast cells","mast cell","CL:0000097","granulocyte",1
3,0.5,"ACTA2,KRT14,KRT17,KRT5,MME,TP63,CALD1,MYH11,NLRP8,LOC123956267,LOC116276467,EIF4ENIF1","Myoepithelial (Basal)","myoepithelial cell","CL:0000185","epithelial cell","Myoepithelial cells","myoepithelial cell","CL:0000185","epithelial cell",1
3,0.5,"ACTA2,MYO1B,ACTA2,ANPEP,DES,MCAM,PDGFRB,CSPG4,LOC105371419,LOC116276510,FOXC2,LOC110120731","Pericyte","pericyte","CL:0000669","pericyte","Pericytes","pericyte","CL:0000669","pericyte",1
3,0.5,"CALD1,ACTA2,TAGLN,MYH11,MYOCD,SMTN,VCL,CNN1,ACTG2,MYL9,PALLD,GUCY1A3,GUCY1B3,ACTN1,DES,ENPP7P1,RNU6-623P,LOC400940,MICE,PIGZ,KCND1,ANXA2P2","Smooth Muscle","smooth muscle cell","CL:0000192","muscle cell","Smooth muscle cells","smooth muscle cell","CL:0000192","muscle cell",1
3,0.5,"CD96,PTPRC,CD247,SKAP1,THEMIS,CD69,IL7R,NKG7,TRAC,CD3D,CD3E,CD3G,TRBC1,PRDX3P1,PIP4K2A,IGBP1-AS1,LOC105374220,CFAP20DC,GTF2IP10","T cell","T cell","CL:0000084","t/nk cell","T cells","T cell","CL:0000084","t/nk cell",1
3,0.5,"LDB2,EGFL7,PECAM1,CDH5,VWF,PECAM1,RAMP3,CD300LG,BACE2,EPHB4,NOSTRIN,LDB2,PTPRB,CLDN5,LOC121815954,GNA14,ERCC2,FOXF2-DT,KLHL10,LOC101927469,CFAP97D1","Vascular Endothelial","endothelial cell of vascular tree","CL:0002139","endothelial cell","Endothelial cells","endothelial cell","CL:0000115","endothelial cell",0.5
3,0.75,"EBF1,G0S2,PLIN1,PLIN2,LPIN1,FOXO1,PPARG,ACSL1,ADIPOQ,GHR,RPL21P125,PHF3,LOC122756681,NCKAP1L,FRA11H,RN7SL762P,USH2A-AS2","Adipocyte","fat cell","CL:0000136","fat cell","Adipocytes","fat cell","CL:0000136","fat cell",1
3,0.75,"CR2,CD24,FAS,CXCR3,CD1c,LINC02898,MIR6770-2,PRPS2","B cell_memory","memory B cell","CL:0000787","b cell","B cells","B cell","CL:0000236","b cell",0.5
3,0.75,"FN1,S100A4,FGF7,COL6A1,COL1A1,COL3A1,COL5A1,NEGR1,CCN2,FN1,DCN,SLIT2,COL6A6,HGF,COL18A1,IL6,IL33,IGFBP3,IGFBP5,COL1A2,DDR2,COL5A2,COL6A2,COL6A3,FBLN1,COL4A1,FBN1,VIM,DRAP1,RPL17P44,GOT2,PGLS-DT,RAP1AP,LOC105371311,FAM131A,LOC105371460,LOC121725064,ERVK9-7,MIR6126,NEFMP1,LOC120893141,LOC102723539,SLC7A11,CD300E,FRA11H,LOC123493297,LOC121627929,LOC105376934,CERS1","Fibroblast","fibroblast","CL:0000057","fibroblast","Fibroblasts","fibroblast","CL:0000057","fibroblast",1
3,0.75,"HES2,TFCP2L1,KLF5,SOX10,ELF5,SOX9,AFF3,KRT8,EPCAM,KIT,KRT18,ESR1,PGR,KRT7,PRLR,KRT19,MUC1,LOC100418712,SCLL,LOC116286194,LINC01868,LINC02578,LOC112543428,RNA5SP132,LOC107986112,MTND5P8,RNU6-1000P,MIR4263,RNU7-186P","Luminal Epithelial",NA,NA,"epithelial cell","Epithelial cells","epithelial cell","CL:0000066","epithelial cell",0.5
3,0.75,"LYVE1,MMRN1,FLT4,RELN,CCL21,PROX1,LYVE1,RNU7-52P,LOC105378844,ANKRD40CL,TMEM150A,RNU6-1237P","Lymphatic Endothelial","endothelial cell of lymphatic vessel","CL:0002138","endothelial cell","Lymphatic endothelial cells","endothelial cell of lymphatic vessel","CL:0002138","endothelial cell",1
3,0.75,"MS4A4A,RBPJ,MS4A6A,MRC1,C1QA,MR1,LYVE1,CSF1R,PTPRC,SLC11A1,LYZ,CD74,CD36,MERTK,MSR1,CPM,MS4A6A,CD163,CD68,DUXAP6,LOC123881325,LOC105377095,LOC112268245,LOC105375889,LOC107986032,ACOX2,RNU6-127P,MBOAT7,RNU6-381P,LOC107986830,RNA5-8S2,VDAC1,ANKRD36","Macrophage","macrophage","CL:0000235","macrophage/monocyte","Macrophages","macrophage","CL:0000235","macrophage/monocyte",1
3,0.75,"TPSAB1,FCER1A,TPSB2,KIT,CD69,HDC,PAICSP5,ELAVL4,LRRC52,LOC105372034","Mast Cell","mast cell","CL:0000097","granulocyte","Mast cells","mast cell","CL:0000097","granulocyte",1
3,0.75,"ACTA2,KRT14,KRT17,KRT5,MME,TP63,CALD1,MYH11,IGHG1,IGHV7-4-1,LOC110120725,CFHR4,RPEL1,RARRES2","Myoepithelial (Basal)","myoepithelial cell","CL:0000185","epithelial cell","Epithelial cells","epithelial cell","CL:0000066","epithelial cell",0.5
3,0.75,"ACTA2,MYO1B,ACTA2,ANPEP,DES,MCAM,PDGFRB,CSPG4,IGHV4-55,LOC110120782,LOC123575623,RCC2P1,NFE2L1-DT,AK4P4","Pericyte","pericyte","CL:0000669","pericyte","Myofibroblasts","myofibroblast cell","CL:0000186","myofibroblast cell",0
3,0.75,"CALD1,ACTA2,TAGLN,MYH11,MYOCD,SMTN,VCL,CNN1,ACTG2,MYL9,PALLD,GUCY1A3,GUCY1B3,ACTN1,DES,VSX1,FEB10,LOC107986876,MARCHF8,LOC107985380,GARIN2,CER1,HK3,LOC122847317,GBP6,MVK","Smooth Muscle","smooth muscle cell","CL:0000192","muscle cell","Smooth muscle cells","smooth muscle cell","CL:0000192","muscle cell",1
3,0.75,"CD96,PTPRC,CD247,SKAP1,THEMIS,CD69,IL7R,NKG7,TRAC,CD3D,CD3E,CD3G,TRBC1,LOC115945149,RN7SL536P,PNPLA5,LOC100505782,OR10AB1P,LOC107984642,LOC110120864,SIVA1,LOC108281168","T cell","T cell","CL:0000084","t/nk cell","T cells","T cell","CL:0000084","t/nk cell",1
3,0.75,"LDB2,EGFL7,PECAM1,CDH5,VWF,PECAM1,RAMP3,CD300LG,BACE2,EPHB4,NOSTRIN,LDB2,PTPRB,CLDN5,MIR6128,B3GNT7,CCDC14,NXT1,RPLP2P5,RN7SL500P,LOC105379356,LOC113175005,OPN3,BMND5","Vascular Endothelial","endothelial cell of vascular tree","CL:0002139","endothelial cell","Endothelial cells","endothelial cell","CL:0000115","endothelial cell",0.5
4,0.25,"EBF1,G0S2,PLIN1,PLIN2,LPIN1,FOXO1,PPARG,ACSL1,ADIPOQ,GHR,MRPS35P3,LOC107984293","Adipocyte","fat cell","CL:0000136","fat cell","Adipocytes","fat cell","CL:0000136","fat cell",1
4,0.25,"CR2,CD24,FAS,CXCR3,CD1c,RBMS3-AS3","B cell_memory","memory B cell","CL:0000787","b cell","B cells","B cell","CL:0000236","b cell",0.5
4,0.25,"FN1,S100A4,FGF7,COL6A1,COL1A1,COL3A1,COL5A1,NEGR1,CCN2,FN1,DCN,SLIT2,COL6A6,HGF,COL18A1,IL6,IL33,IGFBP3,IGFBP5,COL1A2,DDR2,COL5A2,COL6A2,COL6A3,FBLN1,COL4A1,FBN1,VIM,FADS2B,C11orf16,OR5L1,RN7SKP167,TRIM8,LOC121838568,RPS26P19","Fibroblast","fibroblast","CL:0000057","fibroblast","Fibroblasts","fibroblast","CL:0000057","fibroblast",1
4,0.25,"HES2,TFCP2L1,KLF5,SOX10,ELF5,SOX9,AFF3,KRT8,EPCAM,KIT,KRT18,ESR1,PGR,KRT7,PRLR,KRT19,MUC1,FGFR4,MKI67P1,USP21P1,SLC30A9","Luminal Epithelial",NA,NA,"epithelial cell","Mammary Epithelial Cells","mammary gland epithelial cell","CL:0002327","epithelial cell",0.5
4,0.25,"LYVE1,MMRN1,FLT4,RELN,CCL21,PROX1,LYVE1,LOC105379250","Lymphatic Endothelial","endothelial cell of lymphatic vessel","CL:0002138","endothelial cell","Lymphatic Endothelial Cells","endothelial cell of lymphatic vessel","CL:0002138","endothelial cell",1
4,0.25,"MS4A4A,RBPJ,MS4A6A,MRC1,C1QA,MR1,LYVE1,CSF1R,PTPRC,SLC11A1,LYZ,CD74,CD36,MERTK,MSR1,CPM,MS4A6A,CD163,CD68,LOC105369302,RACGAP1,RPL29P6,LINC01726","Macrophage","macrophage","CL:0000235","macrophage/monocyte","Macrophages","macrophage","CL:0000235","macrophage/monocyte",1
4,0.25,"TPSAB1,FCER1A,TPSB2,KIT,CD69,HDC,MARVELD1","Mast Cell","mast cell","CL:0000097","granulocyte","Mast cells","mast cell","CL:0000097","granulocyte",1
4,0.25,"ACTA2,KRT14,KRT17,KRT5,MME,TP63,CALD1,MYH11,CTRCT25,SLC25A16","Myoepithelial (Basal)","myoepithelial cell","CL:0000185","epithelial cell","Myoepithelial Cells","myoepithelial cell","CL:0000185","epithelial cell",1
4,0.25,"ACTA2,MYO1B,ACTA2,ANPEP,DES,MCAM,PDGFRB,CSPG4,LOC105376634,LOC107987416","Pericyte","pericyte","CL:0000669","pericyte","Pericytes","pericyte","CL:0000669","pericyte",1
4,0.25,"CALD1,ACTA2,TAGLN,MYH11,MYOCD,SMTN,VCL,CNN1,ACTG2,MYL9,PALLD,GUCY1A3,GUCY1B3,ACTN1,DES,LOC646853,C1QC,LOC121530590","Smooth Muscle","smooth muscle cell","CL:0000192","muscle cell","Smooth Muscle Cells","smooth muscle cell","CL:0000192","muscle cell",1
4,0.25,"CD96,PTPRC,CD247,SKAP1,THEMIS,CD69,IL7R,NKG7,TRAC,CD3D,CD3E,CD3G,TRBC1,LOC122056881,CDKN2C,TRP-TGG3-1","T cell","T cell","CL:0000084","t/nk cell","T cells","T cell","CL:0000084","t/nk cell",1
4,0.25,"LDB2,EGFL7,PECAM1,CDH5,VWF,PECAM1,RAMP3,CD300LG,BACE2,EPHB4,NOSTRIN,LDB2,PTPRB,CLDN5,ZNF607,LOC105376332,CTAGE16P","Vascular Endothelial","endothelial cell of vascular tree","CL:0002139","endothelial cell","Endothelial Cells","endothelial cell","CL:0000115","endothelial cell",0.5
4,0.5,"EBF1,G0S2,PLIN1,PLIN2,LPIN1,FOXO1,PPARG,ACSL1,ADIPOQ,GHR,MIR5705,MIR8064,NYS5,IGHVIII-16-1,ZBTB2","Adipocyte","fat cell","CL:0000136","fat cell","Adipocytes","fat cell","CL:0000136","fat cell",1
4,0.5,"CR2,CD24,FAS,CXCR3,CD1c,LOC123924917,LOC105378193","B cell_memory","memory B cell","CL:0000787","b cell","B cells","B cell","CL:0000236","b cell",0.5
4,0.5,"FN1,S100A4,FGF7,COL6A1,COL1A1,COL3A1,COL5A1,NEGR1,CCN2,FN1,DCN,SLIT2,COL6A6,HGF,COL18A1,IL6,IL33,IGFBP3,IGFBP5,COL1A2,DDR2,COL5A2,COL6A2,COL6A3,FBLN1,COL4A1,FBN1,VIM,LOC123477708,LOC107986939,USP2-AS1,LOC110120683,RPL26P37,NCKAP5-IT1,FEZF2,RIMS4,SMURF2P1,LOC105369718,MIR4481,SEZ6L2,LOC111828512,RNU6-1205P","Fibroblast","fibroblast","CL:0000057","fibroblast","Fibroblasts","fibroblast","CL:0000057","fibroblast",1
4,0.5,"HES2,TFCP2L1,KLF5,SOX10,ELF5,SOX9,AFF3,KRT8,EPCAM,KIT,KRT18,ESR1,PGR,KRT7,PRLR,KRT19,MUC1,GOLGA8N,RPL19P15,LOC121056742,LOC105369881,RPL7P22,LOC390600,ZNF343,PRKX-AS1","Luminal Epithelial",NA,NA,"epithelial cell","Breast Cells",NA,NA,"breast cell",0
4,0.5,"LYVE1,MMRN1,FLT4,RELN,CCL21,PROX1,LYVE1,OR4F5,LINC02772,RPL7P14","Lymphatic Endothelial","endothelial cell of lymphatic vessel","CL:0002138","endothelial cell","Lymphatic Endothelial Cells","endothelial cell of lymphatic vessel","CL:0002138","endothelial cell",1
4,0.5,"MS4A4A,RBPJ,MS4A6A,MRC1,C1QA,MR1,LYVE1,CSF1R,PTPRC,SLC11A1,LYZ,CD74,CD36,MERTK,MSR1,CPM,MS4A6A,CD163,CD68,SORCS3,SCNN1D,KATNAL1,SULT1A4,RASGEF1C,TPT1P15,LOC123038184,RN7SL607P,DZIP1L","Macrophage","macrophage","CL:0000235","macrophage/monocyte","Macrophages","macrophage","CL:0000235","macrophage/monocyte",1
4,0.5,"TPSAB1,FCER1A,TPSB2,KIT,CD69,HDC,LOC116186912,LOC105379409,LOC105376839","Mast Cell","mast cell","CL:0000097","granulocyte","Mast Cells","mast cell","CL:0000097","granulocyte",1
4,0.5,"ACTA2,KRT14,KRT17,KRT5,MME,TP63,CALD1,MYH11,RAB3B,AFF4,MIR4428,NBPF18P","Myoepithelial (Basal)","myoepithelial cell","CL:0000185","epithelial cell","Basal Cells","basal cell","CL:0000646","stem cell",0
4,0.5,"ACTA2,MYO1B,ACTA2,ANPEP,DES,MCAM,PDGFRB,CSPG4,VPS26AP1,RPS29P6,RN7SKP72,TPT1P12","Pericyte","pericyte","CL:0000669","pericyte","Smooth Muscle Cells","smooth muscle cell","CL:0000192","muscle cell",0
4,0.5,"CALD1,ACTA2,TAGLN,MYH11,MYOCD,SMTN,VCL,CNN1,ACTG2,MYL9,PALLD,GUCY1A3,GUCY1B3,ACTN1,DES,USP9YP18,LOC107984437,LURAP1L,LOC112935932,MIR30D,PKP3,LOC110120764","Smooth Muscle","smooth muscle cell","CL:0000192","muscle cell","Smooth Muscle Cells","smooth muscle cell","CL:0000192","muscle cell",1
4,0.5,"CD96,PTPRC,CD247,SKAP1,THEMIS,CD69,IL7R,NKG7,TRAC,CD3D,CD3E,CD3G,TRBC1,ZNF570,LOC107984567,LOC101928331,VENTXP7,SMURF1,PLCH1-AS1","T cell","T cell","CL:0000084","t/nk cell","T cells","T cell","CL:0000084","t/nk cell",1
4,0.5,"LDB2,EGFL7,PECAM1,CDH5,VWF,PECAM1,RAMP3,CD300LG,BACE2,EPHB4,NOSTRIN,LDB2,PTPRB,CLDN5,LOC105373194,LOC105374304,VAPA,ACOT12,NACC1,OR13K1P,CCL15-CCL14","Vascular Endothelial","endothelial cell of vascular tree","CL:0002139","endothelial cell","Endothelial Cells","endothelial cell","CL:0000115","endothelial cell",0.5
4,0.75,"EBF1,G0S2,PLIN1,PLIN2,LPIN1,FOXO1,PPARG,ACSL1,ADIPOQ,GHR,TNFSF14,EEF1A1P3,ACVRL1,LOC121392956,RNU4-76P,S100A11P10,E2F3P2","Adipocyte","fat cell","CL:0000136","fat cell","Adipocytes","fat cell","CL:0000136","fat cell",1
4,0.75,"CR2,CD24,FAS,CXCR3,CD1c,LOC124310585,RPS3AP16,LOC105378088","B cell_memory","memory B cell","CL:0000787","b cell","B cells","B cell","CL:0000236","b cell",0.5
4,0.75,"FN1,S100A4,FGF7,COL6A1,COL1A1,COL3A1,COL5A1,NEGR1,CCN2,FN1,DCN,SLIT2,COL6A6,HGF,COL18A1,IL6,IL33,IGFBP3,IGFBP5,COL1A2,DDR2,COL5A2,COL6A2,COL6A3,FBLN1,COL4A1,FBN1,VIM,LOC102724672,RNA18S1,MIR3142,ERVW-8,LOC111365206,CYP1A2,IFNG,TRT-AGT3-1,PIERCE2,LOC116268471,RIOK3,PSPC1,ALG1L9P,LOC110121063,LOC112268419,GRIFIN,BBIP1,LINC01661,CTSS,LOC100130618,RBBP4P4","Fibroblast","fibroblast","CL:0000057","fibroblast","Fibroblasts","fibroblast","CL:0000057","fibroblast",1
4,0.75,"HES2,TFCP2L1,KLF5,SOX10,ELF5,SOX9,AFF3,KRT8,EPCAM,KIT,KRT18,ESR1,PGR,KRT7,PRLR,KRT19,MUC1,DNAJB1P1,OR4F13P,LOC110673971,LOC113687201,CFAP44,RPS27P16,MIR4506,LOC113875031,GNGT2,PGAM1P8,RPL23AP95,PELI2","Luminal Epithelial",NA,NA,"epithelial cell","Luminal Epithelial Cells",NA,NA,"epithelial cell",0.5
4,0.75,"LYVE1,MMRN1,FLT4,RELN,CCL21,PROX1,LYVE1,LOC121832836,LOC102723630,LOC105370821,OR2H2,LINC01502","Lymphatic Endothelial","endothelial cell of lymphatic vessel","CL:0002138","endothelial cell","Lymphatic Endothelial Cells","endothelial cell of lymphatic vessel","CL:0002138","endothelial cell",1
4,0.75,"MS4A4A,RBPJ,MS4A6A,MRC1,C1QA,MR1,LYVE1,CSF1R,PTPRC,SLC11A1,LYZ,CD74,CD36,MERTK,MSR1,CPM,MS4A6A,CD163,CD68,LOC112268011,LOC105376410,MORF4L1P2,CSGALNACT2P1,SNORD150,LOC123956208,H4C13,MTATP8P1,LOC105377473,EFCAB14-AS1,POROK5,ELOBP3,LOC107984872,LOC101929552","Macrophage","macrophage","CL:0000235","macrophage/monocyte","Macrophages","macrophage","CL:0000235","macrophage/monocyte",1
4,0.75,"TPSAB1,FCER1A,TPSB2,KIT,CD69,HDC,LOC105370094,C20orf96,MIR6130,LOC105373151","Mast Cell","mast cell","CL:0000097","granulocyte","Mast Cells","mast cell","CL:0000097","granulocyte",1
4,0.75,"ACTA2,KRT14,KRT17,KRT5,MME,TP63,CALD1,MYH11,KRT8P29,NUDT15P2,MARK2,LINC01067,RN7SL446P,EIF4BP7","Myoepithelial (Basal)","myoepithelial cell","CL:0000185","epithelial cell","Basal Epithelial Cells","basal cell","CL:0000646","stem cell",0
4,0.75,"ACTA2,MYO1B,ACTA2,ANPEP,DES,MCAM,PDGFRB,CSPG4,LOC121853001,SMSP1,LINC01674,ZBED9-AS1,LOC112806054,LOC100129942","Pericyte","pericyte","CL:0000669","pericyte","Pericytes","pericyte","CL:0000669","pericyte",1
4,0.75,"CALD1,ACTA2,TAGLN,MYH11,MYOCD,SMTN,VCL,CNN1,ACTG2,MYL9,PALLD,GUCY1A3,GUCY1B3,ACTN1,DES,RFX3-DT,LOC110121105,RNASE2CP,PPP2CB,LOC107984823,LOC123522806,LRRC59,LOC100420779,LOC108228207,MIR138-2,LOC107986182","Smooth Muscle","smooth muscle cell","CL:0000192","muscle cell","Smooth Muscle Cells","smooth muscle cell","CL:0000192","muscle cell",1
4,0.75,"CD96,PTPRC,CD247,SKAP1,THEMIS,CD69,IL7R,NKG7,TRAC,CD3D,CD3E,CD3G,TRBC1,LOC105370910,LOC110120859,CYP3A4,NMT1,NASPP1,CDKN2D,RBM19,CUPIN1P,LOC121466710","T cell","T cell","CL:0000084","t/nk cell","T cells","T cell","CL:0000084","t/nk cell",1
4,0.75,"LDB2,EGFL7,PECAM1,CDH5,VWF,PECAM1,RAMP3,CD300LG,BACE2,EPHB4,NOSTRIN,LDB2,PTPRB,CLDN5,LOC100422368,RNU6-260P,RNU6-1230P,SNORA95,MANEALP1,TRAPPC1,SNORD116-12,LOC121838559,TMPRSS11D,KRTAP4-5","Vascular Endothelial","endothelial cell of vascular tree","CL:0002139","endothelial cell","Endothelial Cells","endothelial cell","CL:0000115","endothelial cell",0.5
5,0.25,"EBF1,G0S2,PLIN1,PLIN2,LPIN1,FOXO1,PPARG,ACSL1,ADIPOQ,GHR,EFHD2,KCNH7","Adipocyte","fat cell","CL:0000136","fat cell","Adipocytes","fat cell","CL:0000136","fat cell",1
5,0.25,"CR2,CD24,FAS,CXCR3,CD1c,LOC100288208","B cell_memory","memory B cell","CL:0000787","b cell","B cells","B cell","CL:0000236","b cell",0.5
5,0.25,"FN1,S100A4,FGF7,COL6A1,COL1A1,COL3A1,COL5A1,NEGR1,CCN2,FN1,DCN,SLIT2,COL6A6,HGF,COL18A1,IL6,IL33,IGFBP3,IGFBP5,COL1A2,DDR2,COL5A2,COL6A2,COL6A3,FBLN1,COL4A1,FBN1,VIM,LOC101928961,CD59,ZNF597,LOC105377104,SGSH,LOC100289561,COX7B","Fibroblast","fibroblast","CL:0000057","fibroblast","Fibroblasts","fibroblast","CL:0000057","fibroblast",1
5,0.25,"HES2,TFCP2L1,KLF5,SOX10,ELF5,SOX9,AFF3,KRT8,EPCAM,KIT,KRT18,ESR1,PGR,KRT7,PRLR,KRT19,MUC1,SCAND2P,LOC105376204,MIR145,OPRK1","Luminal Epithelial",NA,NA,"epithelial cell","Mammary epithelial cells","mammary gland epithelial cell","CL:0002327","epithelial cell",0.5
5,0.25,"LYVE1,MMRN1,FLT4,RELN,CCL21,PROX1,LYVE1,SAGE3P","Lymphatic Endothelial","endothelial cell of lymphatic vessel","CL:0002138","endothelial cell","Lymphatic endothelial cells","endothelial cell of lymphatic vessel","CL:0002138","endothelial cell",1
5,0.25,"MS4A4A,RBPJ,MS4A6A,MRC1,C1QA,MR1,LYVE1,CSF1R,PTPRC,SLC11A1,LYZ,CD74,CD36,MERTK,MSR1,CPM,MS4A6A,CD163,CD68,LOC107985853,CXXC1P1,MYG1,FBXW7","Macrophage","macrophage","CL:0000235","macrophage/monocyte","Macrophages","macrophage","CL:0000235","macrophage/monocyte",1
5,0.25,"TPSAB1,FCER1A,TPSB2,KIT,CD69,HDC,LOC107985876","Mast Cell","mast cell","CL:0000097","granulocyte","Mast cells","mast cell","CL:0000097","granulocyte",1
5,0.25,"ACTA2,KRT14,KRT17,KRT5,MME,TP63,CALD1,MYH11,CYP4F45P,LINC02802","Myoepithelial (Basal)","myoepithelial cell","CL:0000185","epithelial cell","Myoepithelial cells","myoepithelial cell","CL:0000185","epithelial cell",1
5,0.25,"ACTA2,MYO1B,ACTA2,ANPEP,DES,MCAM,PDGFRB,CSPG4,SPINT2,LOC105369329","Pericyte","pericyte","CL:0000669","pericyte","Pericytes","pericyte","CL:0000669","pericyte",1
5,0.25,"CALD1,ACTA2,TAGLN,MYH11,MYOCD,SMTN,VCL,CNN1,ACTG2,MYL9,PALLD,GUCY1A3,GUCY1B3,ACTN1,DES,RN7SL357P,GAPDHP73,LOC100419639","Smooth Muscle","smooth muscle cell","CL:0000192","muscle cell","Smooth muscle cells","smooth muscle cell","CL:0000192","muscle cell",1
5,0.25,"CD96,PTPRC,CD247,SKAP1,THEMIS,CD69,IL7R,NKG7,TRAC,CD3D,CD3E,CD3G,TRBC1,URAHP,FAM227A,TRIM49C","T cell","T cell","CL:0000084","t/nk cell","T cells","T cell","CL:0000084","t/nk cell",1
5,0.25,"LDB2,EGFL7,PECAM1,CDH5,VWF,PECAM1,RAMP3,CD300LG,BACE2,EPHB4,NOSTRIN,LDB2,PTPRB,CLDN5,LOC107984380,LOC123497926,LINC02605","Vascular Endothelial","endothelial cell of vascular tree","CL:0002139","endothelial cell","Endothelial cells","endothelial cell","CL:0000115","endothelial cell",0.5
5,0.5,"EBF1,G0S2,PLIN1,PLIN2,LPIN1,FOXO1,PPARG,ACSL1,ADIPOQ,GHR,KMT5AP2,MIR4497,LYPLAL1-AS1,LOC284379,BORCS8","Adipocyte","fat cell","CL:0000136","fat cell","Adipocytes","fat cell","CL:0000136","fat cell",1
5,0.5,"CR2,CD24,FAS,CXCR3,CD1c,RPL31P55,MYO9B","B cell_memory","memory B cell","CL:0000787","b cell","B cells","B cell","CL:0000236","b cell",0.5
5,0.5,"FN1,S100A4,FGF7,COL6A1,COL1A1,COL3A1,COL5A1,NEGR1,CCN2,FN1,DCN,SLIT2,COL6A6,HGF,COL18A1,IL6,IL33,IGFBP3,IGFBP5,COL1A2,DDR2,COL5A2,COL6A2,COL6A3,FBLN1,COL4A1,FBN1,VIM,ZNF395,AGPAT5,OLIG3,LOC105373430,SNORA67,LOC105375815,SNORA13,FLJ40288,LOC112935949,LINC01975,FGF16,BMPR2,LOC112939933,GOLGA2P9","Fibroblast","fibroblast","CL:0000057","fibroblast","Fibroblasts","fibroblast","CL:0000057","fibroblast",1
5,0.5,"HES2,TFCP2L1,KLF5,SOX10,ELF5,SOX9,AFF3,KRT8,EPCAM,KIT,KRT18,ESR1,PGR,KRT7,PRLR,KRT19,MUC1,LOC285804,MIR421,SLC10A5P1,LOC105375414,LOC105369781,ZNF470,GPC1-AS1,MIR4679-2","Luminal Epithelial",NA,NA,"epithelial cell","Luminal breast epithelial cells","luminal epithelial cell of mammary gland","CL:0002326","epithelial cell",0.5
5,0.5,"LYVE1,MMRN1,FLT4,RELN,CCL21,PROX1,LYVE1,LOC112935979,MAPK8IP1P1,FOXA2","Lymphatic Endothelial","endothelial cell of lymphatic vessel","CL:0002138","endothelial cell","Lymphatic endothelial cells","endothelial cell of lymphatic vessel","CL:0002138","endothelial cell",1
5,0.5,"MS4A4A,RBPJ,MS4A6A,MRC1,C1QA,MR1,LYVE1,CSF1R,PTPRC,SLC11A1,LYZ,CD74,CD36,MERTK,MSR1,CPM,MS4A6A,CD163,CD68,RNA5SP470,RN7SL87P,THPO,TRP-TGG3-5,MIR4520-1,DUX4L28,LOC105375034,LOC105371223,RGS4","Macrophage","macrophage","CL:0000235","macrophage/monocyte","Macrophages","macrophage","CL:0000235","macrophage/monocyte",1
5,0.5,"TPSAB1,FCER1A,TPSB2,KIT,CD69,HDC,RPL5P9,MTND4LP10,ACTBP15","Mast Cell","mast cell","CL:0000097","granulocyte","Mast cells","mast cell","CL:0000097","granulocyte",1
5,0.5,"ACTA2,KRT14,KRT17,KRT5,MME,TP63,CALD1,MYH11,LINC02559,SNX27,UPK1A,ZNF20","Myoepithelial (Basal)","myoepithelial cell","CL:0000185","epithelial cell","Myoepithelial cells","myoepithelial cell","CL:0000185","epithelial cell",1
5,0.5,"ACTA2,MYO1B,ACTA2,ANPEP,DES,MCAM,PDGFRB,CSPG4,MIR7160,RNU6-1320P,LOC105378387,LOC121048723","Pericyte","pericyte","CL:0000669","pericyte","Smooth muscle cells","smooth muscle cell","CL:0000192","muscle cell",0
5,0.5,"CALD1,ACTA2,TAGLN,MYH11,MYOCD,SMTN,VCL,CNN1,ACTG2,MYL9,PALLD,GUCY1A3,GUCY1B3,ACTN1,DES,TRQ-CTG12-1,PRICKLE4,RNU1-91P,MRPL48,DEPDC1P2,RPL3P2,MAFK","Smooth Muscle","smooth muscle cell","CL:0000192","muscle cell","Smooth muscle cells","smooth muscle cell","CL:0000192","muscle cell",1
5,0.5,"CD96,PTPRC,CD247,SKAP1,THEMIS,CD69,IL7R,NKG7,TRAC,CD3D,CD3E,CD3G,TRBC1,SF3B2,LOC105379127,LOC105371840,NLRP5,RNA5SP407,ADCK5","T cell","T cell","CL:0000084","t/nk cell","T cells","T cell","CL:0000084","t/nk cell",1
5,0.5,"LDB2,EGFL7,PECAM1,CDH5,VWF,PECAM1,RAMP3,CD300LG,BACE2,EPHB4,NOSTRIN,LDB2,PTPRB,CLDN5,RHBG,CACNG2,SYNE1-AS1,HCN3,LOC105379052,MSD,PPP1R14D","Vascular Endothelial","endothelial cell of vascular tree","CL:0002139","endothelial cell","Endothelial cells","endothelial cell","CL:0000115","endothelial cell",0.5
5,0.75,"EBF1,G0S2,PLIN1,PLIN2,LPIN1,FOXO1,PPARG,ACSL1,ADIPOQ,GHR,LOC102724770,TSFM,PHC1,RNU6-419P,RNU6-599P,LOC116186904,LRRC61","Adipocyte","fat cell","CL:0000136","fat cell","Adipocytes","fat cell","CL:0000136","fat cell",1
5,0.75,"CR2,CD24,FAS,CXCR3,CD1c,XCE,TJAP1,TRQ-CTG2-1","B cell_memory","memory B cell","CL:0000787","b cell","B cells","B cell","CL:0000236","b cell",0.5
5,0.75,"FN1,S100A4,FGF7,COL6A1,COL1A1,COL3A1,COL5A1,NEGR1,CCN2,FN1,DCN,SLIT2,COL6A6,HGF,COL18A1,IL6,IL33,IGFBP3,IGFBP5,COL1A2,DDR2,COL5A2,COL6A2,COL6A3,FBLN1,COL4A1,FBN1,VIM,BRD9P1,LOC108228197,ZFP90,LOC101927446,STMN1P1,H2BC8,H1-7,NUP210P3,RPL21P88,LOC105373475,LOC112935963,LOC107985917,LOC111365186,LOC100420966,LOC123620082,RPL21P59,TNFRSF10C,AK7,TRA-AGC18-1,KBTBD7,LOC111365195","Fibroblast","fibroblast","CL:0000057","fibroblast","Fibroblasts","fibroblast","CL:0000057","fibroblast",1
5,0.75,"HES2,TFCP2L1,KLF5,SOX10,ELF5,SOX9,AFF3,KRT8,EPCAM,KIT,KRT18,ESR1,PGR,KRT7,PRLR,KRT19,MUC1,ELL2P2,LOC105374371,LOC105373262,CCL22,TRP-TGG3-1,RNU2-65P,ERVK-13,LOC105373771,HOMER3-AS1,TDH,PDCL,CTXN1","Luminal Epithelial",NA,NA,"epithelial cell","Breast Epithelial cells","mammary gland epithelial cell","CL:0002327","epithelial cell",0.5
5,0.75,"LYVE1,MMRN1,FLT4,RELN,CCL21,PROX1,LYVE1,RNA5SP392,LOC121331309,MIA-RAB4B,CMKLR2-AS,UQCRFS1P2","Lymphatic Endothelial","endothelial cell of lymphatic vessel","CL:0002138","endothelial cell","Lymphatic Endothelial cells","endothelial cell of lymphatic vessel","CL:0002138","endothelial cell",1
5,0.75,"MS4A4A,RBPJ,MS4A6A,MRC1,C1QA,MR1,LYVE1,CSF1R,PTPRC,SLC11A1,LYZ,CD74,CD36,MERTK,MSR1,CPM,MS4A6A,CD163,CD68,LOC101927468,LINC02284,LOC101929048,MYOCOS,LOC100418957,LOC105378562,SLC35G1,CCT7P1,IGHV3-23,LOC121587564,DNAAF11,LINC02135,FAM83B,LOC105375985","Macrophage","macrophage","CL:0000235","macrophage/monocyte","Macrophages","macrophage","CL:0000235","macrophage/monocyte",1
5,0.75,"TPSAB1,FCER1A,TPSB2,KIT,CD69,HDC,LOC113875028,ERVK-15,LOC105378009,LOC111674477","Mast Cell","mast cell","CL:0000097","granulocyte","Mast cells","mast cell","CL:0000097","granulocyte",1
5,0.75,"ACTA2,KRT14,KRT17,KRT5,MME,TP63,CALD1,MYH11,MYL10,LOC105376015,NLRP5,MFF,SIGLEC25P,LINC02667","Myoepithelial (Basal)","myoepithelial cell","CL:0000185","epithelial cell","Epithelial cells and Smooth Muscle cells","epithelial cell,smooth muscle cell","CL:0000066,CL:0000192","epithelial cell,muscle cell",0.5
5,0.75,"ACTA2,MYO1B,ACTA2,ANPEP,DES,MCAM,PDGFRB,CSPG4,NF2,BNIP3P35,MIR370,LINC00113,LOC105373018,TRMT112P3","Pericyte","pericyte","CL:0000669","pericyte","Smooth Muscle cells","smooth muscle cell","CL:0000192","muscle cell",0
5,0.75,"CALD1,ACTA2,TAGLN,MYH11,MYOCD,SMTN,VCL,CNN1,ACTG2,MYL9,PALLD,GUCY1A3,GUCY1B3,ACTN1,DES,RGS16,ASAH1,ADAM15,KRT27,GOLGA2P1,OR8A2P,LOC105370178,IQCM,LOC101060159,NFATC2,LOC122094906","Smooth Muscle","smooth muscle cell","CL:0000192","muscle cell","Smooth Muscle cells","smooth muscle cell","CL:0000192","muscle cell",1
5,0.75,"CD96,PTPRC,CD247,SKAP1,THEMIS,CD69,IL7R,NKG7,TRAC,CD3D,CD3E,CD3G,TRBC1,LOC111365143,OAP,LINC01449,RAD51-AS1,PPIAP91,KRT8P50,LINC01812,INPPL1,LOC105374595","T cell","T cell","CL:0000084","t/nk cell","T cells","T cell","CL:0000084","t/nk cell",1
5,0.75,"LDB2,EGFL7,PECAM1,CDH5,VWF,PECAM1,RAMP3,CD300LG,BACE2,EPHB4,NOSTRIN,LDB2,PTPRB,CLDN5,PARG,LOC121832823,EMC9,LOC111413017,BPY2,UBXN7,LOC105374399,LOC105379107,UBE2V2P1,TPGS2","Vascular Endothelial","endothelial cell of vascular tree","CL:0002139","endothelial cell","Endothelial cells","endothelial cell","CL:0000115","endothelial cell",0.5
